"","Time","1","4","2","3"
"1",0,1.4504207609316,1.46646797241442,1.45958065391642,1.34832125813884
"2",3,1.4178563193143,1.41437850514491,1.38023618084249,1.30054927552061
"3",6,1.4146076055273,1.44907762541717,1.36225130582347,1.34003768285852
"4",9,1.40901205899301,1.43819431086608,1.37218240490918,1.32450682493763
"5",12,1.38869277390996,1.41899930143691,1.42478058327277,1.3197974709319
"6",15,1.41785125063751,1.43092048896328,1.41435044176131,1.34349063349564
"7",18,1.45116005095712,1.50139027874494,1.39538481853608,1.32638469405714
"8",21,1.43911931768786,1.42405931317461,1.3672867124917,1.27281882963826
"9",24,1.43249915474398,1.41882941922097,1.39910933035342,1.33924818056023
"10",27,1.41688489912035,1.42804345279068,1.34913345402901,1.29887322811155
"11",30,1.41395517187266,1.417127630583,1.41560915094993,1.32609031076188
"12",33,1.41367646594212,1.41589443199783,1.35626467647381,1.26880253226623
"13",36,1.41471932885892,1.48244612923641,1.40144436766391,1.32025659484358
"14",39,1.445527201554,1.56146636006705,1.3805639708468,1.33281222490441
"15",42,1.4039803144964,1.54383167978951,1.3591120665812,1.29862491445718
"16",45,1.43160944237734,1.51595241314867,1.3712801423767,1.30782791986657
"17",48,1.41634881544326,1.5471180200335,1.35169861358571,1.31368634465995
"18",51,1.4681193519879,1.50802033592847,1.40461382940726,1.30625179929914
"19",54,1.40133814101972,1.45547983718882,1.35406573261752,1.30379066818379
"20",57,1.41349179480603,1.42854442318968,1.37994375661029,1.29804710805052
"21",60,1.44505916050345,1.43178770398377,1.37439911751418,1.33028842598451
"22",63,1.5227866373431,1.50443059650578,1.39245709725201,1.32622158176327
"23",66,1.45733275786308,1.45456927465603,1.40242966958079,1.33935085070714
"24",69,1.4346579914023,1.43956138652543,1.39335894906844,1.33224649255201
"25",72,1.42764733795318,1.42588044555336,1.37370077210376,1.32140050808904
"26",75,1.4833636464111,1.44719664364846,1.4066684431823,1.36052115741369
"27",78,1.47878845710378,1.45716431463448,1.37959856759899,1.343585714779
"28",81,1.47867766974428,1.49255172372497,1.40279369776677,1.35693574280132
"29",84,1.46994952023448,1.45742077228041,1.4021604070688,1.37291589042979
"30",87,1.4824804452789,1.46053048443452,1.4312904639493,1.34018441030585
"31",90,1.53906282972938,1.44775145959709,1.39227183691946,1.37863996556982
"32",93,1.58565633647651,1.52870013619867,1.40740156027068,1.37260513499889
"33",96,1.60611424579494,1.43939170450873,1.3856461482173,1.3648692340644
"34",99,1.53803505205088,1.40181716053573,1.34247260436705,1.32901681867753
"35",102,1.49598764572444,1.45583876283817,1.43081937836607,1.33035710576927
"36",105,1.47449952129853,1.40520175503212,1.3778871075885,1.36118688999259
"37",108,1.50859470995329,1.4167248187291,1.3743249234719,1.33086190476741
"38",111,1.46823189050851,1.43671598640027,1.39374019933488,1.36302119555143
"39",114,1.51003272104833,1.44483747821689,1.39447716141659,1.36175139006463
"40",117,1.49765962980409,1.39777188205994,1.40008523606563,1.34038782404952
"41",120,1.45086444607288,1.39461612929433,1.36216972080946,1.40640294239094
"42",123,1.54145362662305,1.43186266796015,1.41931304992558,1.37872432602127
"43",126,1.49079089104068,1.43293623292053,1.42314237742122,1.43946975987009
"44",129,1.51107260504935,1.45284974307027,1.4072629041789,1.38487052280292
"45",132,1.49856451948856,1.45378042809797,1.41522423576784,1.38227869935004
"46",135,1.52021595386768,1.428842388717,1.48864672545316,1.42709331073104
"47",138,1.48725160635766,1.38329332972709,1.45592661695585,1.40307801740829
"48",141,1.47906167510649,1.36356362015763,1.39437459173651,1.45863031509282
"49",144,1.48247112117065,1.37293228316721,1.42487582234872,1.55830632687784
"50",147,1.48308160521578,1.41356703107896,1.41739761387046,1.49423619612289
"51",150,1.450724934759,1.41221450787131,1.41007628024789,1.47532064525631
"52",153,1.47434382001478,1.42981303048403,1.4236468810245,1.47628571112346
"53",156,1.4806421131076,1.38346463608057,1.44962816493512,1.45633033726369
"54",159,1.46918945746139,1.3903610329939,1.4234950989999,1.43717002502813
"55",162,1.46686143022986,1.40905714610652,1.4254525162081,1.38159518052209
"56",165,1.5229801967973,1.41693610370088,1.45352242188632,1.36374256734445
"57",168,1.54457358088727,1.3760160222747,1.39350071688094,1.35665379064163
"58",171,1.47013247381327,1.48186045236287,1.38849593874655,1.32510622725517
"59",174,1.47334836961497,1.50605639487198,1.37712170667148,1.34046893594042
"60",177,1.47150485658113,1.48535620669091,1.36406283859565,1.39716573487715
"61",180,1.46336255733969,1.46556834596703,1.39681206033871,1.37836972105056
"62",183,1.40295919392124,1.41060247387298,1.3825852890329,1.33395489398711
"63",186,1.46868811175054,1.4419727304575,1.40485576609,1.35248760264203
"64",189,1.46301605401632,1.49071849848371,1.53921547585734,1.41139662211032
"65",192,1.53860714949413,1.45776656774419,1.56176150878242,1.41789121920181
"66",195,1.53337881405618,1.4217150884086,1.51367448945166,1.40445299585994
"67",198,1.5172328537437,1.41054194030438,1.49024817144018,1.40029712803269
"68",201,1.51668710460636,1.44374334747553,1.46077526099682,1.45877028073954
"69",204,1.50697510113845,1.44871002781217,1.39270427564891,1.45978143432597
"70",207,1.46647258227009,1.39203052212426,1.38487396386695,1.40910223575647
"71",210,1.4528129848912,1.43074386101222,1.39091202776795,1.35024670457251
"72",213,1.50645482502511,1.59194517365982,1.37249676744571,1.40727260699224
"73",216,1.50812319543384,1.58108205822564,1.38806498950224,1.40152860974704
"74",219,1.50722260510947,1.5525337774311,1.37001658683134,1.39051741745215
"75",222,1.67541482508619,1.59069678451246,1.50501225980665,1.40410663333265
"76",225,1.5816032748908,1.5990173248631,1.66560073497511,1.43490966296817
"77",228,1.56486513996083,1.60183487435083,1.68250862857118,1.42055819382458
"78",231,1.563535261967,1.57875574915442,1.61750747657802,1.4538794869274
"79",234,1.57225830076402,1.61215566656865,1.56307876107127,1.49202538741604
"80",237,1.56788754054783,1.61806847232485,1.50620999848671,1.44344632130913
"81",240,1.50478094865227,1.63723938340643,1.52765411055323,1.43818030793121
"82",243,1.51807880816968,1.56586314555177,1.49124030037674,1.4065803138769
"83",246,1.481386822939,1.51700020083372,1.42605498888094,1.38775317621256
"84",249,1.50479681501235,1.54701415880906,1.43420368436605,1.39532739447692
"85",252,1.50060397982882,1.62302092340338,1.40021019191336,1.39579677560979
"86",255,1.51240694190846,1.6248804972181,1.38706957848873,1.37550866670168
"87",258,1.48351281594456,1.62119898914225,1.40176270939306,1.36514866522294
"88",261,1.42019711528569,1.54228473859663,1.42639307415316,1.34781820638472
"89",264,1.5124948278383,1.64175240133853,1.49039362486697,1.37734580370216
"90",267,1.49297220573154,1.58350543626848,1.48832622316919,1.3892868146417
"91",270,1.50642130254689,1.5869591371765,1.46754932911562,1.4166910757539
"92",273,1.52623824918476,1.50837563359718,1.39031409438776,1.38532601024383
"93",276,1.57625192884773,1.48800907631494,1.42605181118327,1.45071119345294
"94",279,1.571923941629,1.56028552097848,1.43279287249286,1.47759750985215
"95",282,1.52902723359397,1.58802666558995,1.41945202225977,1.48266516109297
"96",285,1.53857955005942,1.52317673349116,1.42991983968871,1.43811188260498
"97",288,1.511239935294,1.50532813992798,1.42103289296843,1.44959670593136
"98",291,1.49670261210371,1.48139089428861,1.41012901904955,1.4387000088235
"99",294,1.48270243020781,1.49357271180156,1.431589654636,1.43065957189944
"100",297,1.51345609664929,1.49781660431994,1.46776202713948,1.47322912441617
"101",300,1.46404268546348,1.45849856311221,1.40699410793152,1.38889791501524
"102",303,1.54893598759469,1.47699303996964,1.40419579303258,1.39728760409507
"103",306,1.67035801593664,1.48228550693731,1.50087020221834,1.42621014536863
"104",309,1.62379700142768,1.55915196782051,1.47751656067114,1.42934827351124
"105",312,1.59634779056525,1.5731974804917,1.45018463048939,1.43656542272938
"106",315,1.4897458126559,1.48447967222312,1.3707573295186,1.38318199820311
"107",318,1.50879037317755,1.51565708591716,1.37332773179375,1.39011494103773
"108",321,1.49070493599821,1.4735723206436,1.38819254304048,1.39368353567231
"109",324,1.44627777581153,1.42278303438967,1.39127354458275,1.3863921290697
"110",327,1.51820148439461,1.4620043019113,1.44987981144766,1.35778628311732
"111",330,1.5707215278336,1.53161671760314,1.46238028740196,1.40682327835648
"112",333,1.51994827965464,1.58422833477255,1.43523339250771,1.41227484584482
"113",336,1.52165712482546,1.57427484829344,1.39953473251739,1.48997773827678
"114",339,1.51355768055435,1.50404644648304,1.34262477549907,1.53981076101928
"115",342,1.50004812951562,1.49562051987368,1.44501310160874,1.53315349200797
"116",345,1.46777818253915,1.42593670639164,1.41384960047025,1.45501098569287
"117",348,1.47895067884217,1.43999209033338,1.40735687952782,1.47633572031946
"118",351,1.49386970050085,1.42785081401267,1.42934328574694,1.58908137606632
"119",354,1.52013724199974,1.47940222794124,1.4345261489471,1.59687532196771
"120",357,1.51532920330566,1.4396065833096,1.41308906656062,1.51840964162824
"121",360,1.51220940184948,1.4817304161829,1.40133843645889,1.52717938352059
"122",363,1.48655343195127,1.44987191109567,1.4183583006305,1.50515840924563
"123",366,1.5656340932641,1.4886795944673,1.43978833308549,1.50334591173916
"124",369,1.55167970993156,1.6247265572696,1.4122471953045,1.46042978386444
"125",372,1.60424910395607,1.6417366733431,1.52142212867229,1.53773559630335
"126",375,1.46500243984132,1.55022900545977,1.52360654349536,1.50791479862192
"127",378,1.49354053028113,1.49976800894172,1.48640648221131,1.5189763176378
"128",381,1.50994221192637,1.48435287386861,1.47164078657263,1.5638126519822
"129",384,1.45503341018232,1.45608078456771,1.43838633305424,1.49837676126224
"130",387,1.48003581746593,1.50767740644089,1.41709421161314,1.53450853108577
"131",390,1.51709131387295,1.46665130287131,1.45752824806634,1.5641967174051
"132",393,1.47603415720787,1.43010541219828,1.41343245103776,1.6033206665737
"133",396,1.51863784507329,1.51769466649748,1.45627669651258,1.66667745581401
"134",399,1.4781762242427,1.45191440652712,1.42955514399113,1.57543182766666
"135",402,1.53317394784203,1.46759490601343,1.42491837614293,1.62192904833884
"136",405,1.48471917664599,1.44483373491401,1.43174833133897,1.68723833840939
"137",408,1.5205603928595,1.45405255722255,1.39344452412926,1.69720646077485
"138",411,1.57679223829513,1.4201909514847,1.40089318231806,1.67314377266539
"139",414,1.65637121548554,1.46242753508662,1.42870877667685,1.62196421883553
"140",417,1.59673841427176,1.40954621838718,1.38990982526293,1.60490837392748
"141",420,1.53758040210436,1.43699916686531,1.40417276534613,1.51564845182679
"142",423,1.52311919107783,1.42054907585889,1.39438545380954,1.48738893911631
"143",426,1.49554212944258,1.47992331202409,1.41717776615687,1.51029544701371
"144",429,1.54031590631322,1.45225698365013,1.45396994131951,1.49166503921311
"145",432,1.63424037593429,1.45811974787048,1.49968284449367,1.54631594785825
"146",435,1.62059641363577,1.41500312902765,1.47304770979151,1.50180357245943
"147",438,1.68232163045891,1.4694470699743,1.48140624533386,1.55706122836606
"148",441,1.66639384514651,1.47489661626008,1.48369352109715,1.48596488845993
"149",444,1.61374746157441,1.42875556547542,1.41878594808839,1.49048041853191
"150",447,1.60162383224016,1.47959021571574,1.40966232362474,1.53320575058731
"151",450,1.55478941047766,1.44265783479553,1.42838034473674,1.51028639925134
"152",453,1.51169053468708,1.40205271824328,1.42236942886776,1.47455359896168
"153",456,1.48623889835216,1.46192553357054,1.40266499668499,1.47691756924403
"154",459,1.53062673752796,1.4650051163921,1.38740790401056,1.4519278375904
"155",462,1.53839006632998,1.56053599630791,1.39933735099817,1.47668436825075
"156",465,1.47205965350083,1.5239418779716,1.399811448438,1.43175110686034
"157",468,1.45483224811292,1.47692995416153,1.43711268041745,1.40285411404111
"158",471,1.47426080740684,1.44400001733381,1.39871662385466,1.41414950026003
"159",474,1.45328941357176,1.44618696999964,1.39216466937014,1.38297711932393
"160",477,1.47961913063869,1.44360788133666,1.38402799077016,1.4088740402185
"161",480,1.49507950316451,1.39072859169085,1.39246151795638,1.40464597030165
"162",483,1.42497235995272,1.43102044976981,1.37242258320926,1.43902262800061
"163",486,1.50239219841778,1.46588853668174,1.42029941153039,1.43962285117392
"164",489,1.47767522963186,1.44681941974143,1.42784201058544,1.3970783513885
"165",492,1.45826237652297,1.37183818901697,1.39911890717481,1.38801638569775
"166",495,1.50357707206116,1.4560426128018,1.42092392899129,1.38872898979793
"167",498,1.52359664534519,1.49719465158934,1.50435736936766,1.44970893872454
"168",501,1.51387623134868,1.50470209283608,1.45112893996827,1.4311550372921
"169",504,1.47483987158985,1.4901315583176,1.40752727019838,1.42426737506607
"170",507,1.48314391899958,1.61130221306166,1.43374913940978,1.40887373049931
"171",510,1.53546196586679,1.70220965836348,1.42404635097111,1.41812161778775
"172",513,1.46828540344153,1.59267000467921,1.40879206913488,1.45163474768186
"173",516,1.46762817260819,1.60221230415751,1.40255382973939,1.44097839798353
"174",519,1.51194848557669,1.5072489672655,1.38343111796423,1.40707844101919
"175",522,1.52642309114321,1.42409364607826,1.37157430019824,1.37323887020698
"176",525,1.59702022037859,1.47108487083512,1.41065855191963,1.41700184585908
"177",528,1.56584878737102,1.44525904317332,1.40688626123118,1.43412134091648
"178",531,1.53201144313238,1.39140479130545,1.39060410111825,1.40491816733971
"179",534,1.53280142248565,1.46313313283507,1.39140327505553,1.42981975868296
"180",537,1.51031085783967,1.49652597195994,1.43600858172716,1.43803194177882
"181",540,1.49190263553978,1.46830813230844,1.40366913785653,1.44345275108178
"182",543,1.47377945560715,1.54778072252861,1.40144698823104,1.42130182399783
"183",546,1.50409480617363,1.54995362891163,1.39535158211981,1.43772928173056
"184",549,1.49640140579527,1.48551411268231,1.4007973094072,1.42033795151302
"185",552,1.50591754348482,1.51596851723989,1.4021333189599,1.48913983995992
"186",555,1.52236178031747,1.44701956745027,1.4055227237361,1.46651235702508
"187",558,1.46197470734211,1.42442973380924,1.37020399766143,1.40440621866899
"188",561,1.51357393321057,1.47929602850776,1.41303891509389,1.40162000357048
"189",564,1.47404583819892,1.49765505490934,1.42782356597587,1.4134987641842
"190",567,1.54632498844376,1.47281055656868,1.40561177270863,1.41294793892492
"191",570,1.56658910533397,1.50607410601671,1.41696541688512,1.41561601368108
"192",573,1.54760220396178,1.61770923039212,1.38781607653097,1.42144889206797
"193",576,1.51318431400931,1.64966025777582,1.43655629129877,1.40545827666514
"194",579,1.44523374213678,1.5193137852991,1.4223292053857,1.40421097354937
"195",582,1.51054107597179,1.55596423419265,1.53663711409658,1.39887837117109
"196",585,1.45868954296644,1.51372109299834,1.49066682754032,1.43572041746704
"197",588,1.53174808178874,1.52611939983791,1.47528315041603,1.46185761607235
"198",591,1.58740397963992,1.48240620390187,1.54474872987436,1.50606120625905
"199",594,1.6094958144336,1.46903222419649,1.69034465724045,1.50969957271647
"200",597,1.61561014087363,1.44633439500027,1.85692444530645,1.40580025323918
"201",600,1.68108723122869,1.61148668938839,1.81685767659778,1.44677992967015
"202",603,1.62482005101636,1.61255943600275,1.60299249764504,1.48114421387765
"203",606,1.49498323616099,1.62014831140013,1.46446258830358,1.45084854157468
"204",609,1.45734641810908,1.68395428601416,1.50054556620266,1.44234305954724
"205",612,1.40914847184753,1.63544167372728,1.36045095461882,1.39425999178567
"206",615,1.41482845864346,1.67873992449191,1.42191410757902,1.4520175454714
"207",618,1.44446993301811,1.65336551791967,1.40813613197877,1.50706153056946
"208",621,1.42994914913198,1.61075297099264,1.44456347194471,1.54863113088733
"209",624,1.45008967253046,1.57442498741037,1.42521096329185,1.51947322388332
"210",627,1.45900078214133,1.56043119452772,1.41345763770438,1.52467092942537
"211",630,1.49811590942422,1.53418567476961,1.49806915635115,1.49415946893338
"212",633,1.49985966462775,1.56009197584309,1.51702354469982,1.4961064149537
"213",636,1.4747551503343,1.53092568732175,1.48309558357508,1.47523679322925
"214",639,1.42267852257891,1.51830545078588,1.408681009284,1.47217033088511
"215",642,1.4726043326582,1.4841764651404,1.37646656870237,1.47678274919629
"216",645,1.52091736080215,1.49949766941122,1.42114888885673,1.50279451036107
"217",648,1.47065163425977,1.48185060744935,1.3692765860821,1.51414453242504
"218",651,1.53376993788905,1.47759752327197,1.40234866597391,1.63471544084263
"219",654,1.47586884155986,1.48331762869223,1.41550865876296,1.56460824497368
"220",657,1.48228255282678,1.45473975624286,1.38667393428663,1.52322250605091
"221",660,1.5384246979413,1.49904653574841,1.4481678425899,1.49279061371612
"222",663,1.51147387154651,1.51965690166493,1.39820194881391,1.51989197759418
"223",666,1.47751073700251,1.46841028378258,1.37842107601708,1.49811760786774
"224",669,1.4589034720272,1.55143253662501,1.43491098393748,1.56742789565883
"225",672,1.48971634314954,1.59195606640706,1.39383143086343,1.52568251986047
"226",675,1.50107230217345,1.65593711786673,1.41678440673005,1.50097910134742
"227",678,1.51570849726084,1.5731369698192,1.3697661353153,1.41674018738628
"228",681,1.61115852514317,1.53648059864097,1.40941880267558,1.46486441576428
"229",684,1.64302544491221,1.51000833227296,1.41864905436667,1.45685528968195
"230",687,1.60398997289004,1.51283670866081,1.49480000246822,1.43204205876535
"231",690,1.55892707839322,1.46423987521908,1.5822001007397,1.43884977674176
"232",693,1.53047645865181,1.4575400163982,1.52125032906766,1.43946151409725
"233",696,1.50007192545377,1.48699241215612,1.56205386991966,1.41264206328019
"234",699,1.54415749131039,1.47508483699069,1.59957135937911,1.43030019893809
"235",702,1.53634119513527,1.5455460159418,1.47726417469506,1.47061016318611
"236",705,1.5531287129651,1.61366555554682,1.45301605150412,1.55560867633082
"237",708,1.58260236114862,1.57231855517316,1.40515228914714,1.48580955695361
"238",711,1.54477126279742,1.57053622984362,1.44062399344642,1.50356368128326
"239",714,1.55209086415655,1.53740290701704,1.5027006202645,1.5095235672329
"240",717,1.51370492127952,1.50519790841857,1.49460567510953,1.53707207020655
"241",720,1.46133117118043,1.44696916110199,1.41261609512086,1.5667901939474
"242",723,1.50756891810148,1.50205732127268,1.44750382981015,1.58258997625911
"243",726,1.48463582949181,1.45683769698357,1.43324839449188,1.46834803195287
"244",729,1.46976396068091,1.46466403940793,1.44197821457723,1.44721047643948
"245",732,1.53906781929456,1.4645018363296,1.38215509725221,1.4254167601574
"246",735,1.57763909030223,1.51159235847587,1.41477236419195,1.47317210692568
"247",738,1.47553784668532,1.48397621359363,1.37787371894979,1.50387167185951
"248",741,1.47390881317078,1.53408658094679,1.44823654697534,1.63882814855099
"249",744,1.4758265816358,1.50067416480949,1.45069544997698,1.68605554283764
"250",747,1.43409102942993,1.4906667812604,1.49581104397567,1.72912779777259
"251",750,1.43463084305077,1.4995445935803,1.47506598025734,1.85182777450678
"252",753,1.44799507835716,1.52103126003579,1.45064679072904,1.7504794323618
"253",756,1.4606118736716,1.51806454212806,1.49120856655609,1.61190216328432
"254",759,1.49275150493883,1.60655626590056,1.4827677508964,1.54086497812393
"255",762,1.43119505282263,1.58343365438809,1.41584492049051,1.52725267656776
"256",765,1.46663262496714,1.55710848263851,1.41493177125033,1.54044098802414
"257",768,1.46951726050471,1.53913695515835,1.38369503793453,1.58736579209564
"258",771,1.44196983228494,1.55269778415786,1.39996702038348,1.56003175733173
"259",774,1.45047305491448,1.5411524516291,1.36574778755332,1.69123652681951
"260",777,1.43445685630445,1.57038932692863,1.3617442219088,1.61414669712661
"261",780,1.49082105847708,1.53526459260861,1.3905698261144,1.5516713331617
"262",783,1.48813727997965,1.59954411810334,1.44082823286736,1.44795046374722
"263",786,1.47794880769087,1.56771950733199,1.38936170563183,1.40522420256312
"264",789,1.43932252970192,1.59581894009586,1.38368653696655,1.43662221096233
"265",792,1.44972921826047,1.61320097599276,1.3949405426609,1.41958834957752
"266",795,1.46616725108915,1.64137620714488,1.42242400651378,1.48754075780848
"267",798,1.46658259225709,1.59526033059307,1.45068297188925,1.49434836656686
"268",801,1.48516660482354,1.57910590364772,1.45315076485954,1.47853300516517
"269",804,1.50288866823667,1.58082903563535,1.49579045837231,1.50084569218496
"270",807,1.44713727611113,1.52836193942417,1.4749532665103,1.48420588931083
"271",810,1.51568778011804,1.57285226101536,1.46129142864818,1.48491544235893
"272",813,1.52278333840969,1.53430627092031,1.43024148480674,1.47078168607271
"273",816,1.52248214724325,1.54162017751535,1.41044081212595,1.42080211504232
"274",819,1.61472455513924,1.529985258563,1.37686553404497,1.40451892809893
"275",822,1.57361910577888,1.62637045741854,1.40827705275986,1.49553802430734
"276",825,1.51029166032005,1.60621561873665,1.38364775965251,1.40270335027948
"277",828,1.55356914152928,1.63328454153332,1.43595948453908,1.44683653124613
"278",831,1.51414022383599,1.56564656197665,1.42877634371458,1.4447402879284
"279",834,1.44482487855496,1.54337387629328,1.3972563553923,1.43071477157919
"280",837,1.47591979507764,1.57336073271278,1.42108629358223,1.4153413881712
"281",840,1.44571446805795,1.6272540623122,1.5102402302668,1.42840063536928
"282",843,1.51118259100947,1.68254432147646,1.43428034989039,1.38129971602295
"283",846,1.50300576711191,1.65358364353165,1.46253341693225,1.45495234339167
"284",849,1.49655370042208,1.53703009021482,1.4347131536765,1.50536576320537
"285",852,1.55186520919484,1.54058901562113,1.45001586838928,1.54577610906578
"286",855,1.59077157284999,1.53061260168359,1.41531039533763,1.44813153631091
"287",858,1.49764901387135,1.50381740670769,1.41466653727244,1.43632861521878
"288",861,1.46005679761149,1.52679784508868,1.39082788085981,1.44002536116922
"289",864,1.44491125855311,1.65086817537025,1.44520309759117,1.4458951493986
"290",867,1.46235638172254,1.61602638665724,1.44053851840777,1.39442715890194
"291",870,1.51424008955265,1.66426198818586,1.4430886684725,1.41493884294266
"292",873,1.4935898892384,1.58432829343343,1.41268528017309,1.36723049944889
"293",876,1.47712519779907,1.4979951001552,1.42141344884419,1.39967783649922
"294",879,1.46583198422856,1.49928222358,1.38481200996115,1.50900948507602
"295",882,1.45836767219394,1.54337305350768,1.38679463867638,1.61793337717697
"296",885,1.45845145145423,1.5107387084177,1.41373839392828,1.57406174552571
"297",888,1.46394648948497,1.51432153334979,1.39140086969281,1.60620886465446
"298",891,1.48254985329287,1.48916154062996,1.38489134643452,1.61406438528704
"299",894,1.53431542142819,1.53907304847043,1.40977806575883,1.61985894745879
"300",897,1.51831396048869,1.55970731062695,1.38169822465624,1.61259925984587
"301",900,1.62752541149056,1.55720333562404,1.41129179262781,1.50614249918746
"302",903,1.58147301283078,1.5567475335883,1.37338537953356,1.44452991943989
"303",906,1.52600731948877,1.54208805923464,1.37625114624291,1.45384566983173
"304",909,1.46065926493307,1.52708626578808,1.41134111000092,1.42286908306888
"305",912,1.54986320098496,1.57478160202484,1.43301066412721,1.4115900292893
"306",915,1.52486651498653,1.54470411073509,1.52023922227485,1.43957889508714
"307",918,1.52477187367656,1.60502510839551,1.55925682994084,1.41900273995403
"308",921,1.48182679058891,1.62269203032388,1.43083963488882,1.40506199887257
"309",924,1.58666370653861,1.76761517771408,1.47236815026404,1.43945760283795
"310",927,1.55699209244787,1.70905490705524,1.40078599985573,1.42444469173631
"311",930,1.65419694101678,1.60737232632316,1.3486405221446,1.44196878288468
"312",933,1.5917971718749,1.68852807597866,1.38584056573093,1.46137009109061
"313",936,1.51493613571051,1.59843238262766,1.36241253381286,1.47238074771932
"314",939,1.49662992734341,1.66125203882076,1.43456433587028,1.45142432506161
"315",942,1.48201634693304,1.6499487886902,1.3685541630595,1.45379031063594
"316",945,1.47444192747419,1.59961950971877,1.38721782557237,1.44149382091712
"317",948,1.48545939660046,1.55364453512151,1.46146237692296,1.52500059096833
"318",951,1.52733470261766,1.52224435555286,1.51446359462513,1.59468794190046
"319",954,1.51365897218656,1.46086931973618,1.46761537058725,1.54458884242131
"320",957,1.45478134217811,1.47589257539724,1.42913249397305,1.44239591339428
"321",960,1.46381062060425,1.52905255213352,1.4235237479267,1.55097150423166
"322",963,1.45316093712751,1.51219951396799,1.4501857825393,1.50710021129329
"323",966,1.45691979116728,1.48425268101875,1.43595411155162,1.52185568396149
"324",969,1.43453895594309,1.48928968019992,1.44480169366801,1.46197288839026
"325",972,1.44254242900945,1.52284158367714,1.44488324722023,1.42879824795065
"326",975,1.50562942099535,1.50266333622212,1.4223909782785,1.4886448590457
"327",978,1.47045229263907,1.61986245111139,1.416185280845,1.46017795255291
"328",981,1.42002869137961,1.64285269378696,1.38743389564791,1.40896760194509
"329",984,1.42541416789558,1.64150929694384,1.3758231500134,1.4798439804065
"330",987,1.41101693915981,1.71262268059147,1.38661992040693,1.44331101520881
"331",990,1.38689436780214,1.61279611461285,1.34407138737151,1.33768574408679
"332",993,1.43792139374112,1.5550939245838,1.33850572068296,1.3814060560348
"333",996,1.5004139250057,1.57092154081064,1.38785851577142,1.40203406996323
"334",999,1.51170673755931,1.56062377984155,1.37909768571956,1.41863240921385
"335",1002,1.45165889675658,1.55487211200142,1.33853870065303,1.41385202964538
"336",1005,1.4701395875826,1.56846221838042,1.38108632932223,1.3971473765897
"337",1008,1.52524202594512,1.55883841164426,1.40091008983206,1.44014699733765
"338",1011,1.48849496559053,1.56428415973357,1.39942959906166,1.46757277077521
"339",1014,1.4759464848146,1.50575368136363,1.39027662636578,1.4404355021476
"340",1017,1.50287392179615,1.59426046566654,1.42032808949339,1.49100748161335
"341",1020,1.44416568719904,1.52067286855672,1.36783592654208,1.48480568111074
"342",1023,1.42444993791657,1.56029092266769,1.38713226987558,1.45249714913447
"343",1026,1.51111377023558,1.57880094132323,1.43574285220187,1.51209505762378
"344",1029,1.41235221488358,1.53251654054141,1.43668359486915,1.47413423012467
"345",1032,1.49059005582383,1.52376504219581,1.45543493028984,1.49884219575917
"346",1035,1.44836609055954,1.53917794028095,1.42547088366782,1.4588813620346
"347",1038,1.53375764158498,1.50585934186797,1.37842369700162,1.40049634840341
"348",1041,1.54272686176626,1.53933962344966,1.43896769767027,1.41175877855145
"349",1044,1.56357285641006,1.55355833440929,1.40025279655537,1.39865283413658
"350",1047,1.52962231926814,1.59581059015976,1.44868640953705,1.49773792424354
"351",1050,1.44776755260534,1.59566618820923,1.44146440724905,1.45910478844205
"352",1053,1.43922464518116,1.56018084774918,1.47630502469419,1.42679947482703
"353",1056,1.48662627297381,1.51401563370957,1.54587967608298,1.39713758282417
"354",1059,1.44077160299463,1.55023403140018,1.54743902736987,1.50499208272508
"355",1062,1.51740907781093,1.48319999350946,1.48317156467199,1.58999532958768
"356",1065,1.59456706264927,1.59182051524746,1.50113066240957,1.56687704375001
"357",1068,1.51674972224591,1.58274970893771,1.57431510609758,1.57005766470283
"358",1071,1.50135360338378,1.56496249802882,1.60903419139083,1.4408912377193
"359",1074,1.4478084571574,1.50859705215776,1.63360265573659,1.41918893284892
"360",1077,1.48971560220552,1.56207675526562,1.75312441793852,1.41408834475901
"361",1080,1.49138820349019,1.53991104930131,1.71090409208094,1.43416545095204
"362",1083,1.45138117518343,1.54585523644103,1.59775898569522,1.46798453110227
"363",1086,1.43752302269321,1.54210551006325,1.47572804017276,1.39002575960684
"364",1089,1.49634534271779,1.48538603607538,1.42947607005382,1.43684815962702
"365",1092,1.47232361408652,1.49298481517799,1.40884908229325,1.43001983571122
"366",1095,1.54738292821178,1.5032598453292,1.39952340122929,1.44310400786127
"367",1098,1.49561581776384,1.51948383857112,1.36238896596777,1.5477895203303
"368",1101,1.43357905276221,1.57412182714289,1.40679647708248,1.56193452129721
"369",1104,1.47171707229325,1.6283279775278,1.42001632918644,1.58980802891027
"370",1107,1.52623097070065,1.62134284604054,1.4486440984492,1.54561052452608
"371",1110,1.55845898353676,1.56697022505549,1.40028187486743,1.50333055173484
"372",1113,1.51786754017605,1.5583994969041,1.40359652118395,1.49301369220592
"373",1116,1.55652398042058,1.52525660320464,1.38806880550444,1.44682121606592
"374",1119,1.4612568517597,1.58867086722983,1.42136024877164,1.4494671961171
"375",1122,1.48236286576192,1.62198080514449,1.40355970802948,1.45828132430298
"376",1125,1.48396375411284,1.6739345952024,1.41005556807061,1.46916553674236
"377",1128,1.47168940693159,1.72159164057829,1.37446021233429,1.41679316996597
"378",1131,1.46958292940222,1.72317537442026,1.43447645944119,1.44231765836727
"379",1134,1.42862886324116,1.78364736897655,1.38488647099405,1.37903538465555
"380",1137,1.45859295682789,1.73106930049868,1.39608190535224,1.38432909042917
"381",1140,1.43600274629142,1.62634740907762,1.39836975260477,1.41915699970218
"382",1143,1.47705178023894,1.66002871586179,1.47564857380365,1.40542136400538
"383",1146,1.46325105541082,1.561800803585,1.483850381505,1.38730291028003
"384",1149,1.42466424887744,1.52977969192101,1.53785732946594,1.40357566691079
"385",1152,1.48557857765974,1.53438098368975,1.53404106187968,1.43326703194308
"386",1155,1.44882679433134,1.61550347259244,1.55187103020379,1.44529564241222
"387",1158,1.47366852667936,1.72484468355456,1.51621239293937,1.40536776096418
"388",1161,1.42940180291938,1.66253413980663,1.43957891760251,1.41184279297512
"389",1164,1.42304145360253,1.66658399759007,1.41885224902078,1.4686020422536
"390",1167,1.45832531058246,1.58925720873497,1.41747296239611,1.44629062068991
"391",1170,1.46771218015508,1.57577690068509,1.4482301287199,1.45429679167076
"392",1173,1.50947962355526,1.56859124970137,1.46018506311486,1.41121888065355
"393",1176,1.4610475872564,1.52033817440042,1.48542289967792,1.40240585376711
"394",1179,1.48526473469419,1.5044686805329,1.45157224007553,1.37018573331157
"395",1182,1.51311656933668,1.54246551681546,1.48625003756518,1.42118265614421
"396",1185,1.44492405201214,1.5876845646467,1.4482835711561,1.43321832757295
"397",1188,1.42279629310727,1.51627853455517,1.39560019647733,1.39520745763327
"398",1191,1.45663598673108,1.55416098795692,1.42551195183471,1.4020839346234
"399",1194,1.46472381484007,1.55528850669588,1.42486537141734,1.41724934905638
"400",1197,1.4492462506506,1.53613053886316,1.41207792672199,1.44757522170112
"401",1200,1.41695971096479,1.56962130176785,1.41962161364504,1.43210961780499
"402",1203,1.42317457984836,1.53625047256287,1.42801019934781,1.40706033048403
"403",1206,1.41292959181741,1.52634732848108,1.44000244495154,1.38813042423905
"404",1209,1.43436244719859,1.55167966952384,1.48079774071829,1.43161993612374
"405",1212,1.43056347091279,1.62774955163741,1.4714419874398,1.42041725395669
"406",1215,1.36836640381467,1.56977729491444,1.36994835251083,1.39266177812432
"407",1218,1.45597623893303,1.60554656636031,1.42543987145424,1.43556245997169
"408",1221,1.42065334291577,1.67978911355349,1.44286555698541,1.42929852100273
"409",1224,1.43420129660965,1.71232890353466,1.40035558428428,1.45521297278265
"410",1227,1.4594663491505,1.62939168529951,1.39316928071658,1.59317892694783
"411",1230,1.46383872195313,1.63377527580266,1.40714839784518,1.65744753173263
"412",1233,1.45447774292255,1.5553325865048,1.42301521329274,1.62498731766575
"413",1236,1.50345349982978,1.58263968144282,1.44670515149205,1.61977099308105
"414",1239,1.43629384644588,1.53538919994508,1.37314493515966,1.55318143182398
"415",1242,1.46982202442204,1.55538436779883,1.41579519282234,1.61954049331414
"416",1245,1.46105077754377,1.65295570988503,1.45521364385107,1.6466367647825
"417",1248,1.48067534684298,1.71091276871069,1.46586586200516,1.58541651842658
"418",1251,1.44523670373961,1.72160437990652,1.47181547433588,1.58129952075036
"419",1254,1.4769972204572,1.68292152717163,1.46567730636522,1.53814592858691
"420",1257,1.43261961043295,1.58436440421083,1.38338343738964,1.48962336700876
"421",1260,1.42425744027251,1.59237400159545,1.4458627856695,1.52160355736729
"422",1263,1.48281137145289,1.65188569866411,1.44173842841765,1.56386881226556
"423",1266,1.51248022140708,1.73348548517412,1.41978429439548,1.47193059796866
"424",1269,1.51210208053743,1.74177986391174,1.41131584385997,1.42576539133863
"425",1272,1.55431982808873,1.70615389394918,1.50420349626057,1.51171825077729
"426",1275,1.60659227119411,1.69421439797716,1.72425193027962,1.64572901884043
"427",1278,1.5868347136879,1.59952389623177,1.66734253081414,1.56401552159083
"428",1281,1.6823764151435,1.60718265587173,1.57573478729263,1.54653583626987
"429",1284,1.60919372529332,1.53542512500202,1.45938704025214,1.45845485234537
"430",1287,1.5734761265754,1.59722180299953,1.43070046162328,1.39354851029891
"431",1290,1.49881648146622,1.58605886164717,1.41919841323238,1.44896362323603
"432",1293,1.50665998780547,1.62030368878256,1.54216735276773,1.4487594836231
"433",1296,1.46769180865648,1.58756456627531,1.50854038732581,1.4203814873177
"434",1299,1.42863373083564,1.54865045369679,1.4642629517583,1.43703958801337
"435",1302,1.45572996245177,1.56078615650153,1.44839265562555,1.43857640966512
"436",1305,1.44044230136109,1.58258106658332,1.39545287938495,1.66952749519649
"437",1308,1.41610709213444,1.50548201139748,1.40480201414627,1.70890792772396
"438",1311,1.43420332534394,1.52653135377996,1.38069011633689,1.61360601268354
"439",1314,1.41971480005934,1.50955819523303,1.4034444939953,1.515303109203
"440",1317,1.46138886436863,1.5176574274806,1.51560713188531,1.51517091106195
"441",1320,1.38203753464032,1.5097241540781,1.52047213135816,1.46957647155422
"442",1323,1.41530325169393,1.52679350151844,1.46658902780471,1.4736168917714
"443",1326,1.43270714216494,1.56168797263234,1.45940398296414,1.42532015839809
"444",1329,1.43452482912193,1.57957940875314,1.46126830097662,1.44683686203944
"445",1332,1.45252826093028,1.56758375712623,1.48198976870721,1.42978074731446
"446",1335,1.4228459885543,1.54374437164181,1.43102136788276,1.42296430924663
"447",1338,1.4922425585053,1.57843987834183,1.46292482447744,1.464375
"448",1341,1.50379688877225,1.57170748072648,1.4285263838173,1.49395664412377
"449",1344,1.51620240517209,1.57273708006739,1.38875401042392,1.52311575400253
"450",1347,1.49467982359015,1.61611317423039,1.43008027311236,1.48775009309971
"451",1350,1.44653336041239,1.59335832785899,1.37648908988859,1.47909482293743
"452",1353,1.47017540058584,1.62419403956426,1.40825331282533,1.53808475861755
"453",1356,1.52464632863399,1.73494675405194,1.45040058876472,1.68383067697857
"454",1359,1.53785482697578,1.66611552984081,1.42718914319745,1.61692030288879
"455",1362,1.53700863623041,1.73123071172268,1.49933755063581,1.61761126864802
"456",1365,1.50712738068797,1.74642181567343,1.44470256982846,1.66181403342958
"457",1368,1.44676458640776,1.75867469782855,1.47771201839073,1.5306762224464
"458",1371,1.47511562026559,1.67948594840191,1.47983290493865,1.51816979546624
"459",1374,1.50086755410554,1.61153294883301,1.4358641909869,1.51007180985309
"460",1377,1.49345339873103,1.60674776941738,1.39370524551518,1.5771862873683
"461",1380,1.56253907910955,1.58532187301854,1.42744812771616,1.69691431533606
"462",1383,1.53961893111372,1.63598567478445,1.44485709571233,1.67244313678995
"463",1386,1.53002719431465,1.633264422981,1.40640048497625,1.65306821726029
"464",1389,1.54635501857635,1.62053006308251,1.46488254566074,1.69517944224254
"465",1392,1.53827572397604,1.53456827229699,1.39069635466782,1.59998227098894
"466",1395,1.44287077699618,1.60402006809024,1.41759211916429,1.55237757630484
"467",1398,1.46271980084093,1.6698476410655,1.44860081724589,1.55755894774954
"468",1401,1.486699943555,1.76744656627278,1.43601717061162,1.59902494518987
"469",1404,1.43396469797109,1.66315910991876,1.42034784760231,1.54695969273105
"470",1407,1.4558136588136,1.6053437616937,1.40538353285459,1.56487371992596
"471",1410,1.45377856103016,1.61341709264357,1.36573035013506,1.53454929534092
"472",1413,1.43151396076244,1.56321720043405,1.40459342324939,1.59589400137786
"473",1416,1.44480514266964,1.54223855078526,1.45713926300688,1.54107732231603
"474",1419,1.46906751946765,1.58786348848849,1.40540938742117,1.46742506246791
"475",1422,1.44156849497768,1.58236985290813,1.44214349141617,1.4643775051294
"476",1425,1.42838195737231,1.59334706723687,1.46168877563587,1.50660564254716
"477",1428,1.46015022647868,1.62532102603699,1.46166872398955,1.51247552437795
"478",1431,1.4204623126284,1.60839139213179,1.5128376444222,1.46517166507521
"479",1434,1.44801803709789,1.57350949828444,1.53065452047862,1.42784838642897
"480",1437,1.48780585147059,1.57323778535501,1.54622704688594,1.44238837895115
"481",1440,1.50947392416805,1.61827630393687,1.49904039781275,1.44372458896435
"482",1443,1.47327821539087,1.65513044597875,1.36856274089439,1.42099795472722
"483",1446,1.47683944904638,1.62184544603637,1.45790649303451,1.43434621715857
"484",1449,1.48678630713396,1.5742272504138,1.42482015883814,1.38977738993069
"485",1452,1.44461373350984,1.58362634314509,1.42026708083348,1.42736021602504
"486",1455,1.49833629249126,1.59375429859932,1.46182834735181,1.42556415919079
"487",1458,1.48774602951699,1.58164844890053,1.46157733497576,1.4650661600551
"488",1461,1.49762777192274,1.64950307135816,1.45077446494578,1.43132564926418
"489",1464,1.5254060591336,1.5872205341317,1.46616607621855,1.41163232317044
"490",1467,1.55140556386283,1.67733062884832,1.67996229019447,1.43419428369682
"491",1470,1.50984165046829,1.6713035942422,1.69341649948006,1.43452005756497
"492",1473,1.49375078140171,1.58875092316612,1.54103391871815,1.44875737173163
"493",1476,1.55964701225201,1.61528002096334,1.46464153423509,1.48797959067222
"494",1479,1.57096210440121,1.60174904139145,1.40923139044312,1.4556391107946
"495",1482,1.57773361633773,1.55909129728487,1.42451296879192,1.47269397568579
"496",1485,1.5775676088294,1.6126460614889,1.43724632222399,1.47770869505489
"497",1488,1.52115592603214,1.55835053239375,1.40233367143238,1.44522324300737
"498",1491,1.46940969759898,1.53129649988495,1.46045225170068,1.42950892359435
"499",1494,1.45629683602997,1.59590625995598,1.52585864469552,1.46005921205093
"500",1497,1.45144899315502,1.57193003002611,1.58205574981124,1.46780296304686
"501",1500,1.4048797901923,1.53999477161003,1.4680907898672,1.45177072660032
"502",1503,1.42094961329922,1.59076840288321,1.46777517938989,1.45357100880602
"503",1506,1.45526861172359,1.6321178425007,1.43131551362589,1.46593688911403
"504",1509,1.46816122518359,1.7302097164373,1.4894694051508,1.46312236030636
"505",1512,1.43176437720208,1.59068778572956,1.47304123583964,1.48473640853875
"506",1515,1.43136546795435,1.5447247422775,1.38303689712068,1.50861319108486
"507",1518,1.5179067797452,1.68801059143331,1.43688916833488,1.62750807196175
"508",1521,1.48741934033833,1.67558984028233,1.47217820519758,1.60638808296687
"509",1524,1.458797154522,1.66463811777026,1.50789999170727,1.53586236705984
"510",1527,1.44011561456193,1.67138185176422,1.50104534159818,1.55292387461089
"511",1530,1.4754862074651,1.68844264481048,1.49763642015946,1.51145997556049
"512",1533,1.52265582014993,1.70873146197946,1.51612235062749,1.51189577617141
"513",1536,1.45496775044951,1.63451167249089,1.45861134645204,1.52640425829948
"514",1539,1.43642202563288,1.63020193104972,1.42929437716707,1.47746206890591
"515",1542,1.50598485225818,1.58909193844137,1.46190369211352,1.49061882706709
"516",1545,1.49868096233905,1.64149610944116,1.43269908161741,1.46901390505883
"517",1548,1.56530169871541,1.62575298625001,1.4073195428243,1.4736123460973
"518",1551,1.51016786718223,1.5587486493886,1.45839025014468,1.45423506152684
"519",1554,1.50137046636544,1.59891829878666,1.53761072262768,1.47146048654206
"520",1557,1.49176131042084,1.56555125272384,1.56511545075611,1.50269507597238
"521",1560,1.48021202065836,1.5885881526139,1.56302028980919,1.53645382616282
"522",1563,1.51997882433682,1.58278752066456,1.55665934863874,1.56225186359547
"523",1566,1.53560622557831,1.58320101607342,1.60841003964819,1.61650017206364
"524",1569,1.54631700629554,1.57274411553043,1.64490323618523,1.66792848307142
"525",1572,1.48409382531996,1.56637464012355,1.51759169138653,1.53820239178729
"526",1575,1.45520297425265,1.54960336247462,1.50850532687966,1.52449499482248
"527",1578,1.47419423495741,1.58158184776842,1.50644156152883,1.57675448890706
"528",1581,1.42484953263564,1.54760714671312,1.43640309574711,1.52249403389547
"529",1584,1.46507335675353,1.5721577058622,1.43219425027169,1.48076403065367
"530",1587,1.46206914364445,1.5683990634374,1.40105483109756,1.48001938488095
"531",1590,1.47002220316537,1.55523516050727,1.42212740375979,1.38183133472962
"532",1593,1.43688768698867,1.54677338702672,1.39176848399557,1.43276804960684
"533",1596,1.40739895221235,1.59179725580575,1.43674533998849,1.42662336655074
"534",1599,1.45634835404494,1.57734856351679,1.42868435783792,1.42468013407061
"535",1602,1.43774122402888,1.59335981447726,1.4272723620247,1.42058662304142
"536",1605,1.43512825049071,1.62679546309072,1.44202030532174,1.38329539805461
"537",1608,1.46415487518386,1.60126293064853,1.40967113355602,1.45123534328804
"538",1611,1.43963524192563,1.64186449321511,1.4318334113868,1.43360818996641
"539",1614,1.4400398032458,1.6501783327364,1.45683490747435,1.42804935628757
"540",1617,1.44962348453637,1.75743718120474,1.44670128156246,1.47647670198775
"541",1620,1.4302343231515,1.65729031809817,1.46116185473247,1.4883368286241
"542",1623,1.4754571645149,1.65409771334754,1.69122357451765,1.51544250057904
"543",1626,1.51469698647591,1.60848954853439,1.6608694253621,1.58600298868939
"544",1629,1.52284896849623,1.64268491748567,1.61503789333892,1.6878576751115
"545",1632,1.58484426455983,1.57566448237144,1.47126440514875,1.62768104664996
"546",1635,1.47717619523684,1.49129612374952,1.389786232543,1.52395251341425
"547",1638,1.48610482070176,1.5941519847968,1.45576288826482,1.56514452793397
"548",1641,1.49687264598931,1.57441617266924,1.36761168825896,1.48120515823818
"549",1644,1.57657187878662,1.57793936473739,1.44287820420219,1.47224224481797
"550",1647,1.49585671596708,1.59670249224109,1.38176455501411,1.45379714302525
"551",1650,1.5002877620295,1.59910482938619,1.42018860548117,1.46701551189302
"552",1653,1.57006733231441,1.57686710791152,1.41740879062139,1.39351895276782
"553",1656,1.59818018401305,1.60248915519336,1.4040516089921,1.4426522569244
"554",1659,1.51896008549696,1.67850394562155,1.4699298668282,1.40863054594822
"555",1662,1.51554425275376,1.67566705614202,1.42345759655492,1.44695444870907
"556",1665,1.47244254499886,1.65715805973295,1.45176065071936,1.48471634743692
"557",1668,1.42905658071277,1.61048401211608,1.41974454699823,1.428929326899
"558",1671,1.45568973819663,1.61793231722521,1.4470628900721,1.42143885313398
"559",1674,1.47443443158006,1.60966764404326,1.45759744426519,1.48045242620486
"560",1677,1.44317575348856,1.63422795367945,1.47040419253011,1.43741506468826
"561",1680,1.484306566462,1.66141573109445,1.52095141826753,1.44758989868905
"562",1683,1.46537013137418,1.60805286008074,1.55207752168322,1.4587258547497
"563",1686,1.41998763581183,1.58515835979147,1.57705501563287,1.47316696691349
"564",1689,1.46028753110333,1.59669230718929,1.5623580811826,1.48900539722975
"565",1692,1.52123916322161,1.59427132466933,1.56199224587478,1.46508276434571
"566",1695,1.4730528953195,1.60063510727317,1.48547750173415,1.46754416725089
"567",1698,1.50201208938897,1.57631153055608,1.50437958673231,1.46104626455283
"568",1701,1.45832864067967,1.59349180199693,1.56040798669153,1.425350299914
"569",1704,1.4381571706118,1.61469814683795,1.44311286074626,1.43173902778652
"570",1707,1.48573209951444,1.57771931598875,1.41875675356935,1.52884130874762
"571",1710,1.52628039028443,1.604932080226,1.46532596797835,1.55490968349872
"572",1713,1.48226740499656,1.56353585006763,1.39571136001103,1.48834790592628
"573",1716,1.44450495291299,1.53476791365449,1.45029176422214,1.48039229599671
"574",1719,1.47213599775207,1.59569466889741,1.4882790498925,1.45490638402957
"575",1722,1.44221509999335,1.64211829046151,1.47254457523228,1.4882521472795
"576",1725,1.42617379736225,1.69102524957832,1.43763804579154,1.53254722119244
"577",1728,1.45327931400347,1.77254066778434,1.48494524230939,1.55930269953113
"578",1731,1.44534328110911,1.72968042559771,1.4344333166977,1.63904570276942
"579",1734,1.44491898776712,1.70762033433765,1.43598273940612,1.7278300637199
"580",1737,1.43667188325274,1.69680874121517,1.41826647427457,1.75634578863886
"581",1740,1.47399497854803,1.7000233483889,1.47666525526392,1.71243524369956
"582",1743,1.41104355097794,1.63817421563495,1.43064092194605,1.61439597056035
"583",1746,1.41883170813215,1.64118843746508,1.39898024785206,1.57119838244569
"584",1749,1.43987887365889,1.64347107240846,1.43129268335121,1.52267143738676
"585",1752,1.42319101797215,1.65152654903388,1.48376737304267,1.53430360522003
"586",1755,1.46966167304774,1.63921832319897,1.44825315519765,1.52454941364854
"587",1758,1.45747270685379,1.63526119009384,1.452268498318,1.52993269914832
"588",1761,1.43778030353455,1.57668768000454,1.40589677777917,1.50861525969749
"589",1764,1.43377447524476,1.57568260063004,1.40029472919163,1.48597126628484
"590",1767,1.39264816459015,1.64280196479592,1.44487203072532,1.55137594695031
"591",1770,1.45904804673669,1.60470755497188,1.46897176537603,1.5176540880608
"592",1773,1.44657386675591,1.61514166859114,1.45646340494614,1.50659688822762
"593",1776,1.44601372909456,1.6094718489327,1.43982759235367,1.51501463143774
"594",1779,1.45350888482228,1.60132322466155,1.48006312272617,1.51380207118654
"595",1782,1.4678834156122,1.66312654833901,1.39217007333164,1.50806767223779
"596",1785,1.43496813697539,1.56757980979785,1.45247236472521,1.42626938754502
"597",1788,1.44978913697392,1.57759356228988,1.46200978522158,1.455166987657
"598",1791,1.41758680741898,1.58660395426389,1.52512026619342,1.43298869862396
"599",1794,1.43206485246374,1.58176112649951,1.64028265175739,1.41135101831119
"600",1797,1.58141115508281,1.61337819336268,1.70281531122073,1.42358415056011
"601",1800,1.63000125826399,1.58389317494523,1.60818628799106,1.42102505708344
"602",1803,1.6132501897878,1.57370896908469,1.59267952489598,1.44249360132097
"603",1806,1.63530527663211,1.59777174938522,1.481682616179,1.45381915476367
"604",1809,1.60102429270845,1.59427286381702,1.55524696712475,1.48862009693032
"605",1812,1.62731466276214,1.62009267345246,1.56555104625928,1.47060303748207
"606",1815,1.67099428423985,1.65223057464437,1.51225011787115,1.47275314525999
"607",1818,1.67079697595545,1.64701772821803,1.50046942432159,1.44087023897589
"608",1821,1.57685678542309,1.66433070418838,1.48939999125767,1.44742971329567
"609",1824,1.50324689253831,1.55404971248095,1.4294461731027,1.4224179182533
"610",1827,1.49044796936225,1.5960902096595,1.45939881561432,1.37962377206927
"611",1830,1.53145831341698,1.56655769592922,1.43897116211631,1.5669206058729
"612",1833,1.51762344421034,1.63614868608459,1.44591535693104,1.50737575129471
"613",1836,1.5430601495862,1.57161049722269,1.43609026848758,1.56472975764421
"614",1839,1.45752826088612,1.59506672744803,1.39475165856722,1.58510602649695
"615",1842,1.48295038508003,1.60185235506282,1.45181982517374,1.46901915229849
"616",1845,1.47134759056717,1.60617555770625,1.45029300978651,1.50052479615927
"617",1848,1.48614814165703,1.58642227416766,1.46192174630658,1.57825629567319
"618",1851,1.53541824686853,1.61843649773513,1.53836851401831,1.5317237601555
"619",1854,1.57392766619047,1.6372471392716,1.51982103175266,1.47436489905695
"620",1857,1.5901172365567,1.6567848437703,1.5627609313112,1.48746323381145
"621",1860,1.52531330691276,1.61489247463158,1.50100200168166,1.45500101316841
"622",1863,1.50235979947089,1.7465732806784,1.51106938296274,1.4891684083959
"623",1866,1.49240813600675,1.72979033472724,1.55384532896699,1.55949799289512
"624",1869,1.49169125216695,1.77361165502297,1.52446261211909,1.58088456352031
"625",1872,1.50449674381319,1.73026855733054,1.49555610167617,1.49027851574356
"626",1875,1.49290859985101,1.69923819556824,1.55389808298917,1.50333629730874
"627",1878,1.45534255233993,1.67819621166363,1.52154209628841,1.45116800079337
"628",1881,1.44262616490667,1.60098921929197,1.49906320938167,1.51551112833638
"629",1884,1.46760798060287,1.62331831642241,1.50438067537559,1.42818084349798
"630",1887,1.47882054975714,1.74362986993216,1.53228624924558,1.46811708058943
"631",1890,1.49377131557775,1.78621695232172,1.48725914807535,1.48213577982614
"632",1893,1.47983423356987,1.7372136724486,1.45362529987216,1.47492363374734
"633",1896,1.48660763025263,1.7882606936636,1.43814068637802,1.50469239472088
"634",1899,1.47422967308711,1.83698630844872,1.4453708585891,1.43039164787115
"635",1902,1.47807936904545,1.72599887832441,1.45543679017393,1.4623670514552
"636",1905,1.460421333372,1.65261343110081,1.44574184207966,1.43346180567616
"637",1908,1.43649586436122,1.6289304806732,1.4802525609785,1.44587212335126
"638",1911,1.45512079174015,1.55639808935089,1.46380077761971,1.48964442186338
"639",1914,1.4758589712598,1.64212818877234,1.49471523388815,1.52350973946705
"640",1917,1.48382434182794,1.66767549744726,1.44565661503623,1.54005693782589
"641",1920,1.42679799818519,1.68697073962261,1.46061951838413,1.60560364173018
"642",1923,1.47097427469213,1.69925722633322,1.43368148931564,1.63815953669042
"643",1926,1.41668368479136,1.70026101134483,1.4276449818284,1.59630936096007
"644",1929,1.43979495078511,1.63577515556426,1.42507075616049,1.64054004554322
"645",1932,1.44664222285902,1.64141715772151,1.47757703740422,1.73160580402335
"646",1935,1.44799256848563,1.64170784314754,1.47859642484763,1.64374794839651
"647",1938,1.46163530605082,1.61033468001541,1.48082673705111,1.54457806410437
"648",1941,1.55536910224002,1.64392029076928,1.43633356959985,1.54328196894694
"649",1944,1.53844124072034,1.62739268311198,1.4752463983448,1.57989384513544
"650",1947,1.45720775203341,1.59865892772672,1.49289264561519,1.48494335469886
"651",1950,1.4308609749107,1.60355663042846,1.4325472503149,1.45633705333282
"652",1953,1.43128799300259,1.71914131604962,1.44090709282633,1.48869435673355
"653",1956,1.48698064671575,1.68654820908774,1.47829541962895,1.4712629733964
"654",1959,1.51561982631006,1.65456757366451,1.44499054866203,1.40379109092905
"655",1962,1.46233006178755,1.66600896673388,1.45324795186891,1.45679253113217
"656",1965,1.49083049920791,1.71729307625386,1.44151865148217,1.45598996802673
"657",1968,1.49055046390381,1.74070977961225,1.4667389168885,1.42547681336076
"658",1971,1.51700882865961,1.79377687838692,1.69761858779615,1.50826916668779
"659",1974,1.45681568211889,1.72549111724586,1.64397438873955,1.50862262271241
"660",1977,1.46810401624324,1.66819381953882,1.61865031925766,1.52603086055829
"661",1980,1.51175337382681,1.67479165353839,1.57967773032529,1.53403952249973
"662",1983,1.5292926055621,1.60735122862544,1.54893744870248,1.49562468976135
"663",1986,1.54616100112722,1.64482236938792,1.52083455477924,1.46966160971483
"664",1989,1.4528843614648,1.59154903544188,1.49505723324929,1.4551394708823
"665",1992,1.49475506882102,1.59295252738386,1.46684049128877,1.42022714098623
"666",1995,1.61454947532562,1.66031018118042,1.47694582710491,1.4615344488259
"667",1998,1.56735911260903,1.61470948187209,1.43180339017006,1.36976865315382
"668",2001,1.49738231087342,1.65851970981577,1.49675926412849,1.4349915302829
"669",2004,1.49290003239698,1.62448779759444,1.4440427220131,1.41298996310264
"670",2007,1.49575556019175,1.60710143110463,1.49964991605399,1.48604444966174
"671",2010,1.53721903481891,1.66352287893738,1.49086185568769,1.4343468758321
"672",2013,1.46341002651243,1.63831037579748,1.48210592885536,1.4597690848466
"673",2016,1.51736769748185,1.62804223562372,1.45666706350523,1.52102130068712
"674",2019,1.48054130041548,1.60270624512143,1.43927193178347,1.48059607357033
"675",2022,1.495964967065,1.63756318398826,1.4938347495277,1.4780378854087
"676",2025,1.46636693874493,1.58367249106556,1.4635904847926,1.44620744357884
"677",2028,1.48845161161503,1.60010656569916,1.47701037416756,1.48326259455875
"678",2031,1.47592917055092,1.56819828845208,1.42643472442751,1.39911306331689
"679",2034,1.54242190426931,1.63142246871208,1.46963656493263,1.4703963234836
"680",2037,1.47580192144846,1.58549857116965,1.43671101500636,1.44714236534199
"681",2040,1.50590063211466,1.6613882627914,1.50278049396145,1.46132388104941
"682",2043,1.49985275606947,1.62580230869666,1.48793377062774,1.45371868482322
"683",2046,1.51881791125827,1.65914620827767,1.47923129582222,1.45263390027334
"684",2049,1.54007245507023,1.58743943817565,1.44740816081345,1.44614147957839
"685",2052,1.56505799008001,1.59091157133041,1.51327289739968,1.4681860499799
"686",2055,1.53202765671409,1.5993817847909,1.47530485689334,1.46016453960652
"687",2058,1.4862926710007,1.59564086700821,1.44872401387817,1.45809933116383
"688",2061,1.46649236401131,1.63186851552998,1.47000826820539,1.47304463047927
"689",2064,1.50754928730363,1.61441029986408,1.41637271749152,1.44564366302586
"690",2067,1.5177599075042,1.61747010175438,1.45147036267968,1.53015981821242
"691",2070,1.47291392878821,1.67661123097779,1.47996289488692,1.69570308187546
"692",2073,1.42193083235099,1.67054749354614,1.46320819118858,1.67036275103433
"693",2076,1.42511670444847,1.61580872364343,1.48639269433153,1.6117954781023
"694",2079,1.45839059853679,1.585411867734,1.44425916959201,1.49374299176454
"695",2082,1.4696424031415,1.62281397579458,1.50102995024113,1.47459176481737
"696",2085,1.45872662013504,1.60055159506573,1.45073816789761,1.41214253325872
"697",2088,1.49567987780819,1.67466600321366,1.50324806395936,1.45082705150748
"698",2091,1.4810764544675,1.70638432660932,1.46560800871575,1.43641877931951
"699",2094,1.54565857341074,1.64690750936146,1.44733761223091,1.42512149064425
"700",2097,1.63441643223816,1.61628745479361,1.52705919661843,1.44203319290013
"701",2100,1.62786306592095,1.60187624406322,1.51758935333085,1.44203487908627
"702",2103,1.58945303856074,1.6543514040275,1.58114712346735,1.50566522990675
"703",2106,1.52062927444607,1.57342575079895,1.83406039315887,1.51117114530422
"704",2109,1.49536143900228,1.61727164032456,1.91004146820884,1.53544381990254
"705",2112,1.54575974177762,1.62250626589962,1.67004469198321,1.53583083894461
"706",2115,1.49256903440346,1.60109020298079,1.59538510805801,1.48272321649062
"707",2118,1.48914232100603,1.66815391722893,1.65416265566372,1.46588182152872
"708",2121,1.40592611603568,1.60799743037936,1.67221272725986,1.43741819159421
"709",2124,1.40346081347445,1.59969324630383,1.63541235914652,1.45348272663837
"710",2127,1.45408576756309,1.67097544830864,1.55800044730672,1.48468923104851
"711",2130,1.43557208225327,1.7407525524027,1.47563675424575,1.51168351948766
"712",2133,1.45740644793879,1.71652898219487,1.49766568159623,1.58316050054726
"713",2136,1.42133693944049,1.67661076234667,1.48648993580476,1.61317991030208
"714",2139,1.46343540311979,1.67516356619706,1.48921541543869,1.54821182207387
"715",2142,1.45250830115996,1.69390046911832,1.5336790540273,1.58115451232798
"716",2145,1.4637314710152,1.68113499371759,1.46031041996125,1.51609559010426
"717",2148,1.47840122122427,1.66429208199658,1.48206607087476,1.54917177431972
"718",2151,1.45368533426293,1.63727400892432,1.47026435612848,1.51912961792135
"719",2154,1.44409695865717,1.69124238409872,1.49236831995628,1.49649158735271
"720",2157,1.45765933873124,1.6408012780238,1.47332165405694,1.47277576248558
"721",2160,1.46405124469397,1.58515268216681,1.47359895988528,1.45533061520892
"722",2163,1.45506113122541,1.60488949197766,1.45667059443743,1.47981171561439
"723",2166,1.49411056027437,1.59788141647007,1.42403354106826,1.4872998631905
"724",2169,1.46990262390765,1.61804015154818,1.46941047051896,1.55388318289306
"725",2172,1.46085550717393,1.63798369548914,1.48166213694762,1.53099222609712
"726",2175,1.47312311076736,1.62142717857938,1.45234497814717,1.50503216919903
"727",2178,1.43905844353194,1.59414469776957,1.42247025393187,1.4140810064264
"728",2181,1.41552983620557,1.59312309812204,1.45872929077709,1.44171923250755
"729",2184,1.45244512690982,1.63549318333068,1.41786018527931,1.43811619693378
"730",2187,1.46175105534613,1.63431049936284,1.48562434283458,1.50270369819761
"731",2190,1.47131785621018,1.61388580693456,1.47534198680072,1.52546073646447
"732",2193,1.45677161758288,1.61484476289888,1.43659565974411,1.50134029679509
"733",2196,1.45000728955314,1.63689107204801,1.45276688685144,1.49784990704667
"734",2199,1.47902297984597,1.67561643540629,1.50959730933111,1.47018137432651
"735",2202,1.50116533753005,1.62181223095135,1.47694173688058,1.42302980480806
"736",2205,1.4970851676284,1.66463609236718,1.56597075757636,1.47209790167695
"737",2208,1.45175860643493,1.67686629429397,1.56063953492654,1.42686440584525
"738",2211,1.51662918247949,1.68810305945796,1.53257251193814,1.47019910594345
"739",2214,1.49837353941317,1.73900547311132,1.51577023124135,1.57057301148621
"740",2217,1.47538324278696,1.64061080980958,1.49899270939811,1.47108990209758
"741",2220,1.51177918700601,1.70764166656998,1.49624823504053,1.52685982131667
"742",2223,1.47502617333622,1.63898567486102,1.51377596922472,1.51095369194002
"743",2226,1.43607555256644,1.61598559003025,1.46662347334329,1.43595772319169
"744",2229,1.50415664445839,1.68183596122071,1.49266828685581,1.4912100141056
"745",2232,1.46737175314895,1.62920421903063,1.50676020492361,1.4708829691757
"746",2235,1.44667780839977,1.5899800482602,1.48387957300923,1.4390080160375
"747",2238,1.58286687241653,1.60792679996807,1.49698713905338,1.48585742207032
"748",2241,1.50968372257574,1.69079990131192,1.49649322082285,1.47168990210812
"749",2244,1.53723243593808,1.69187768772636,1.45145227614256,1.45693551718958
"750",2247,1.47309866224528,1.66146476845703,1.44226712821389,1.42219494003613
"751",2250,1.51715518134733,1.68935463449741,1.4354696184267,1.50438630149307
"752",2253,1.45285814125914,1.58928834381492,1.43380530471975,1.5268989665816
"753",2256,1.43535637409395,1.64121239704234,1.45980088302385,1.57303096787496
"754",2259,1.50217261022307,1.6480000193501,1.42879928093199,1.51987234483736
"755",2262,1.51435711725761,1.65187234907711,1.44196659827949,1.46447857852976
"756",2265,1.49181143465576,1.73356702646487,1.46861325370875,1.51299587322732
"757",2268,1.48505136362324,1.69185456118858,1.455952119715,1.44748334716537
"758",2271,1.41646100090273,1.6286797425017,1.4216738739177,1.50680788923849
"759",2274,1.52936564825594,1.67789830199183,1.47452978699829,1.48674188204564
"760",2277,1.44585443332694,1.59203865169427,1.44675073139282,1.41603129274344
"761",2280,1.47974925152987,1.64600107612245,1.45094930764445,1.43883413950789
"762",2283,1.51742643903292,1.62968030387667,1.49066915774427,1.45584525398282
"763",2286,1.48324643103383,1.63384496581635,1.47199903499218,1.41277912377167
"764",2289,1.57087100231133,1.69798542725304,1.48709245588346,1.4428732759101
"765",2292,1.56900720632816,1.69439183146602,1.52868065658975,1.43469873593276
"766",2295,1.498853198617,1.64621699630289,1.48914934514378,1.37842686786202
"767",2298,1.60316851199923,1.64758564160826,1.55226812896274,1.4545114562959
"768",2301,1.53861610536942,1.61241014189507,1.54108669555012,1.42893820814894
"769",2304,1.51252353992106,1.6426910094352,1.51550987617832,1.43714041325337
"770",2307,1.48291192862104,1.60718458625511,1.4705944316364,1.41434444770478
"771",2310,1.52132142283606,1.68882336933387,1.49431637788883,1.43017338847131
"772",2313,1.51646843212257,1.755734244502,1.50207361228549,1.45436190916395
"773",2316,1.54016197130935,1.70185798810731,1.53052716346457,1.45503132731736
"774",2319,1.56700550971394,1.71969285595127,1.54543677830817,1.45299943908604
"775",2322,1.5668821099881,1.71744519776572,1.57400161544794,1.45843714476621
"776",2325,1.4635124187084,1.59637723458203,1.41144089045675,1.40924178511081
"777",2328,1.47135383103753,1.62134262586881,1.44370234297912,1.45922361501033
"778",2331,1.4157030146564,1.60657728079878,1.44708672410433,1.40807735304831
"779",2334,1.49829749592775,1.65982646243023,1.47686609133751,1.41198976050083
"780",2337,1.47021071147942,1.65709406705739,1.46180620318259,1.44606686560335
"781",2340,1.50679248360906,1.68010076336739,1.44611356742955,1.44746981990086
"782",2343,1.56982621727477,1.71524854326929,1.47961323875914,1.4577662813659
"783",2346,1.52879045258433,1.66095540171908,1.47448285415997,1.39911802487075
"784",2349,1.51881086192935,1.68385974258305,1.45670461786251,1.47683633398719
"785",2352,1.46105423251584,1.62905250072163,1.42067906599455,1.4609800339718
"786",2355,1.48666535500438,1.68320451044664,1.43908393839962,1.51704862890251
"787",2358,1.46592950566259,1.72073826340987,1.4695636454765,1.55515384011925
"788",2361,1.50439995842691,1.78637402834164,1.46915646992812,1.47011976104499
"789",2364,1.50412245618803,1.7283801412095,1.48138145050722,1.48121920822792
"790",2367,1.44707139474808,1.63814236199482,1.44498593204589,1.44317223670057
"791",2370,1.50382078300071,1.6768145857693,1.45538645579288,1.47850929976224
"792",2373,1.50415683042853,1.69368958768725,1.43196227245123,1.43445655381501
"793",2376,1.47609361158146,1.6675165969055,1.44428839308641,1.46848618706621
"794",2379,1.45116103579503,1.68113068007211,1.44252995021592,1.51729229519926
"795",2382,1.47640282247221,1.66115537045786,1.46607260579494,1.543464024565
"796",2385,1.44837430972338,1.64795294441944,1.48151654336066,1.52009746936601
"797",2388,1.42177747409732,1.65478571815244,1.49848095742924,1.51452672303174
"798",2391,1.44258909003166,1.6876283211335,1.67547693612725,1.55136532052585
"799",2394,1.4550974327181,1.65096300041163,1.6740184586448,1.45278546272976
"800",2397,1.45289531621131,1.61707524136772,1.60706797234964,1.46292209059352
"801",2400,1.44687302494457,1.59554141436174,1.53100612481657,1.43303053522717
"802",2403,1.49747993345457,1.68206240913969,1.53352231746444,1.51712651982611
"803",2406,1.46848911702846,1.69386474147847,1.45489100411148,1.56254034302454
"804",2409,1.48559224078423,1.88047029677282,1.49854257063779,1.62027403772583
"805",2412,1.48379929620581,1.89852735360583,1.49308692832096,1.59520333102013
"806",2415,1.46083671556694,1.83465860844412,1.43896054834537,1.53599497931155
"807",2418,1.44440415530071,1.72133581605564,1.4789905503267,1.50976887981783
"808",2421,1.41525590454263,1.65641463964944,1.43935702763118,1.52651869119508
"809",2424,1.46335229697083,1.6461536212715,1.68720995488238,1.52346754596727
"810",2427,1.5975359717614,1.6747130332878,1.79726215379119,1.48238434488587
"811",2430,1.55586761051021,1.68558677522763,1.70621796405755,1.53181819465125
"812",2433,1.51467603008128,1.62604201254125,1.63106986479991,1.51560840717533
"813",2436,1.70664073240881,1.66515201892092,1.60899203610379,1.52878775792671
"814",2439,1.68522225353483,1.6156924502283,1.545798800512,1.50435514576328
"815",2442,1.60143098527949,1.58168216742998,1.44545931488498,1.4892705504129
"816",2445,1.55548906551385,1.58988955890505,1.47202395931341,1.49815632960049
"817",2448,1.53836016049916,1.58820682652643,1.46756019083057,1.46981546931101
"818",2451,1.586115050765,1.58648632902284,1.50861021402562,1.50486802164788
"819",2454,1.6498835718044,1.64039855609713,1.52222710484087,1.61849370924507
"820",2457,1.68738364966194,1.60982702223605,1.48831395966765,1.50148046777335
"821",2460,1.64377931415243,1.61680700095777,1.48893289704789,1.55520458340223
"822",2463,1.48148324232684,1.5892546192401,1.39435531099339,1.47532272555226
"823",2466,1.51093611830423,1.59640623892096,1.47623187474345,1.47574325762386
"824",2469,1.50003738876841,1.60578596224303,1.43663534325242,1.52029873611643
"825",2472,1.5199602026579,1.62156261225839,1.44579669250123,1.46550588897612
"826",2475,1.5427764098499,1.63053617576054,1.45110051678288,1.41393057635998
"827",2478,1.48611161766755,1.63081426661646,1.47624493376605,1.46813349235079
"828",2481,1.49893524783638,1.63381141041518,1.42328349624174,1.4330185490351
"829",2484,1.45712645647618,1.61332391577255,1.47511082967871,1.39267376823737
"830",2487,1.40154880431282,1.63948396669834,1.3968165877231,1.37006803448435
"831",2490,1.39267596827135,1.57854034537265,1.45143644139873,1.39775919072422
"832",2493,1.49270083451437,1.60238782553349,1.47016003259254,1.45037427490794
"833",2496,1.49407043900138,1.67293641429698,1.44631999939743,1.43359864672672
"834",2499,1.433720714714,1.65677824037982,1.44929673592379,1.40485853261907
"835",2502,1.49527679652377,1.72618190432444,1.43785690097976,1.45508245744423
"836",2505,1.48046114599734,1.69803590661233,1.44250665231717,1.45678098457108
"837",2508,1.46892878407811,1.61372867393968,1.43886970316259,1.3974184280739
"838",2511,1.56574843150054,1.6368853195681,1.43151552010172,1.44134795799913
"839",2514,1.57410526767011,1.63903367227514,1.42993061960684,1.43407399304604
"840",2517,1.4975821810957,1.62962325263599,1.40707222937592,1.4119577639131
"841",2520,1.50968489287072,1.61721743244019,1.47224962718058,1.4542274609839
"842",2523,1.45150779595727,1.62458399406251,1.4126300742731,1.4863345614074
"843",2526,1.51018746533896,1.63541040790774,1.49638599828483,1.53528505392912
"844",2529,1.45377850689729,1.58203810789814,1.44854739736924,1.49243124505497
"845",2532,1.47088515612599,1.61419236753685,1.45938066933777,1.51951958742931
"846",2535,1.48790784668004,1.6564294331949,1.51452791238133,1.51897922759211
"847",2538,1.49937417565604,1.68663193928402,1.52745662361334,1.50702717036713
"848",2541,1.50566205976415,1.72306326547696,1.56837445589168,1.44068711378255
"849",2544,1.53895137765461,1.78472877049466,1.54025489029116,1.43891533193938
"850",2547,1.60512065815222,1.77967212726662,1.57861036212597,1.45039681682152
"851",2550,1.53686237990715,1.85180322614907,1.57210253097601,1.45880673061793
"852",2553,1.54826310854098,1.81380750286192,1.57990318612708,1.49304224237523
"853",2556,1.52629783057959,1.77660748240838,1.57639677832448,1.5199191711086
"854",2559,1.55161556557155,1.69536405895394,1.65138541299513,1.55591122990422
"855",2562,1.52027177165431,1.65719059299566,1.584490570614,1.55695121889442
"856",2565,1.51774998080911,1.65582710385888,1.52846290812344,1.50756429952193
"857",2568,1.46567402245495,1.6350720256324,1.48792096206043,1.50969212093401
"858",2571,1.51987112026279,1.59361991826564,1.48089499071669,1.54397280960757
"859",2574,1.46996779558909,1.61298147166593,1.48621430605535,1.60317131243248
"860",2577,1.47944814342471,1.65679004399031,1.47389371991754,1.60033088487279
"861",2580,1.50069549473644,1.69054033162619,1.45657689048195,1.57044709631505
"862",2583,1.47362918806353,1.6728343043672,1.40864327661497,1.49960467247602
"863",2586,1.40155676024447,1.62886712184194,1.40671317981423,1.43656321084636
"864",2589,1.46740262194892,1.61286783739689,1.43433032495144,1.4510165751732
"865",2592,1.52122936290824,1.65698978762657,1.54622251658474,1.50567552602436
"866",2595,1.42967044713828,1.57373180409994,1.72995314597803,1.41183276700073
"867",2598,1.49185308706099,1.63906058440117,1.7715180957228,1.47436129838153
"868",2601,1.48601617632367,1.65628660330048,1.63921167836799,1.46795989952584
"869",2604,1.60278606832383,1.68799227004971,1.63901322102834,1.45342039969105
"870",2607,1.61063359180412,1.66844045904464,1.57467403382748,1.44953412194074
"871",2610,1.55289979072856,1.68836051135095,1.52222605069015,1.50193378226255
"872",2613,1.51473774675587,1.62290538882526,1.45271697572605,1.41889931578041
"873",2616,1.47981554046314,1.56515943734044,1.41927869494398,1.46445450090427
"874",2619,1.5535915287296,1.6429936056128,1.45772057781579,1.4784170012901
"875",2622,1.53616917512633,1.56931510610048,1.40404839655909,1.39961097566969
"876",2625,1.55865331884152,1.60665815632661,1.43343957621238,1.47636603067982
"877",2628,1.57055735999673,1.59594286988494,1.53260536457274,1.50930789802964
"878",2631,1.49978682122699,1.66457268057843,1.55777514281331,1.65087113609431
"879",2634,1.59253777669541,1.70189647919298,1.57323447009588,1.65016826911641
"880",2637,1.50214174312778,1.65452793661791,1.51646615341488,1.62663040768867
"881",2640,1.47993912202505,1.61681119659247,1.50317538172903,1.5004417749143
"882",2643,1.50008169136535,1.62685083800074,1.41150149644475,1.45200352063333
"883",2646,1.42935646481722,1.58888095298598,1.42666649849749,1.41483879969855
"884",2649,1.4297374534455,1.67660583343735,1.44384048270378,1.4271948907744
"885",2652,1.42129249403814,1.61632180372043,1.41366039918772,1.39150105690093
"886",2655,1.40478669091,1.57561767105045,1.46023998025029,1.41088730616615
"887",2658,1.41417383876783,1.60215460381116,1.4564480083656,1.39998479516161
"888",2661,1.42892800674302,1.59413154666046,1.47148616724438,1.42128496625317
"889",2664,1.40188057749121,1.62951301747232,1.46249618465634,1.40316611785902
"890",2667,1.45138398369703,1.65283546209639,1.45642716061966,1.4257893100912
"891",2670,1.49214290444934,1.62206622280424,1.44822082081566,1.4237976365525
"892",2673,1.41662901581715,1.60074237960545,1.43982536445674,1.37948422114404
"893",2676,1.49679532344389,1.70673563780102,1.46154776975035,1.46120179434883
"894",2679,1.47879393128081,1.66589385260157,1.44223543236828,1.43009469686792
"895",2682,1.54533298751306,1.59719952106089,1.44568838499281,1.45208449017592
"896",2685,1.59059007821125,1.59906444498604,1.39378801971787,1.51780882680347
"897",2688,1.6220387828635,1.67227612366296,1.42670365448199,1.48041328247513
"898",2691,1.57384933259918,1.67675474502815,1.40932987385494,1.52939928480213
"899",2694,1.53272003721399,1.704153911692,1.46271795537595,1.45096412052632
"900",2697,1.50137890312721,1.66803555139563,1.44637130947166,1.51748364765092
"901",2700,1.50154138904553,1.64329352504113,1.50304020148215,1.51880524917067
"902",2703,1.46792068942495,1.67242095326528,1.54791861701537,1.49516516548549
"903",2706,1.46443043682933,1.62199273406115,1.50597165231255,1.46991573323308
"904",2709,1.42759207205588,1.61095744834038,1.48746089229411,1.39695650111816
"905",2712,1.47777865246448,1.63165081450418,1.48456042172277,1.43200472730075
"906",2715,1.49235368385091,1.70596028148385,1.50758737239447,1.48412098036672
"907",2718,1.48287941142411,1.71061910281405,1.46076370457225,1.44386371087244
"908",2721,1.48597040046075,1.7208080869954,1.45862747837547,1.4346457947521
"909",2724,1.56953579054216,1.71803491386589,1.41815161800278,1.39064257658454
"910",2727,1.6059664521789,1.73131686455853,1.46197855063201,1.43556222903133
"911",2730,1.58641150870816,1.6918915503076,1.44550225902886,1.3999516217432
"912",2733,1.47833495459225,1.74481164925693,1.43571255745085,1.39597300400355
"913",2736,1.48039633431711,1.77366901458919,1.44933155912004,1.37866937844751
"914",2739,1.44667058155552,1.63897562899657,1.43336563388811,1.41211206368051
"915",2742,1.42075660044816,1.59800075872087,1.42656188636136,1.39813691469236
"916",2745,1.43082026132507,1.63994196991086,1.41503111621804,1.44630498721275
"917",2748,1.42103377038413,1.71519796980179,1.40803215913475,1.40521758511815
"918",2751,1.45527014253519,1.74422273680303,1.40538356029229,1.38891568326736
"919",2754,1.45711148258856,1.70552835347494,1.40827920835731,1.43998346365335
"920",2757,1.42192376188246,1.76148777521518,1.46897737843991,1.50756383152559
"921",2760,1.5083267676523,1.97559987088373,1.45170571066383,1.50131320010678
"922",2763,1.4858538926447,1.83962398415817,1.41234634176027,1.43059434259718
"923",2766,1.51792070016246,1.738406478961,1.49546556534295,1.41617088493325
"924",2769,1.51180639527767,1.68192190324385,1.49568168314132,1.48277017242152
"925",2772,1.51841479519979,1.63388123442822,1.56636229080479,1.48167703948823
"926",2775,1.48384140569021,1.63732829810708,1.60149536075357,1.4898165810494
"927",2778,1.49643535401582,1.75353149562755,1.55478863132695,1.62378250706998
"928",2781,1.43572141693807,1.66803920341928,1.52123839529793,1.57092852793559
"929",2784,1.46472098663018,1.65571870162404,1.46447503701827,1.49226017234527
"930",2787,1.50014730382692,1.65761791626197,1.45173300447257,1.46473298244748
"931",2790,1.53222056099741,1.69432525939885,1.48395346218191,1.42432706968587
"932",2793,1.48060756754726,1.64415675430092,1.43156251636466,1.46558293607436
"933",2796,1.49698485644281,1.66541543303538,1.48926621311803,1.43833220342352
"934",2799,1.49058197088414,1.58226581919728,1.4873072113083,1.42316241150119
"935",2802,1.56441924657147,1.66420035759281,1.6903188062223,1.44928562942676
"936",2805,1.49754589119574,1.62689986846757,1.66158418195744,1.41184038747623
"937",2808,1.5017670193458,1.62560443708367,1.65901687880701,1.48308461055207
"938",2811,1.53719178363235,1.63791266281771,1.57433677648268,1.53086131802564
"939",2814,1.46167803298037,1.61467039590137,1.44932267678611,1.41406593037587
"940",2817,1.49066905670485,1.59814783142476,1.50375674341604,1.484661222927
"941",2820,1.51325481705354,1.64606268989008,1.55959659031421,1.42771764194732
"942",2823,1.59948842215743,1.60841362350509,1.6363023429245,1.41329844953362
"943",2826,1.56844273879205,1.67751734536687,1.70633515578277,1.49378391839533
"944",2829,1.57751375281344,1.69661883103228,1.67456573529251,1.45072233800876
"945",2832,1.55838491072212,1.63664618064771,1.6019412325748,1.41636335365193
"946",2835,1.49488044633079,1.64535579113396,1.57508604836483,1.41939771613452
"947",2838,1.49562768388191,1.65783346765424,1.54098790121741,1.51683982320825
"948",2841,1.48602673085216,1.71040323385187,1.6692884539181,1.52945018296663
"949",2844,1.48337063120267,1.67111125762577,1.62757332457662,1.43596327149475
"950",2847,1.50505314547696,1.67386846866944,1.61239862025419,1.45856736513355
"951",2850,1.45808443484129,1.66472506295196,1.57344985185021,1.43848834430194
"952",2853,1.45696219129087,1.61877977557678,1.53032949922118,1.40460398074084
"953",2856,1.52507458235116,1.67791112371439,1.51962325691297,1.48625697675133
"954",2859,1.64438252311977,1.64923608775042,1.51535287677603,1.44020207127688
"955",2862,1.61679562186577,1.63011351486863,1.53686600841119,1.42438423136985
"956",2865,1.59263299347485,1.61813898081031,1.47933311645722,1.42553933946019
"957",2868,1.48184078603729,1.6352690209365,1.45931426833795,1.44712426893689
"958",2871,1.46179257508906,1.58901879519834,1.43918204320215,1.37615709391374
"959",2874,1.49401602334148,1.63476275573099,1.5090295833842,1.39379814898489
"960",2877,1.42197952157715,1.57854728112481,1.42458628624918,1.37845809051901
"961",2880,1.47423644951368,1.6438070169933,1.42020897888062,1.38748667169791
"962",2883,1.45178648224198,1.58286573498723,1.41632416611828,1.40002092468704
"963",2886,1.49041402740921,1.6800986449886,1.37823443988181,1.44176494145609
"964",2889,1.47726917936954,1.64236981386944,1.39534422306064,1.47257058631201
"965",2892,1.46195930012656,1.62472031961181,1.41748175781524,1.52550007058676
"966",2895,1.4536228471161,1.66236681288491,1.42147913691074,1.44427757704823
"967",2898,1.49274272951068,1.69587820288906,1.4473622277584,1.43405889675406
"968",2901,1.52448763116281,1.66042870192808,1.4226542672118,1.41401974470419
"969",2904,1.47750601464016,1.61769813342358,1.42361656358397,1.43777382205922
"970",2907,1.48218625417313,1.58876285166376,1.41437996997436,1.43906592523045
"971",2910,1.497457511619,1.58524361356018,1.42462283337216,1.46804141514403
"972",2913,1.49713535722264,1.61192839320597,1.42833725324464,1.42075855166323
"973",2916,1.48729001339532,1.63668726004411,1.4345397995026,1.3784411714756
"974",2919,1.49674193802231,1.68598531388694,1.43161558839722,1.42889602422015
"975",2922,1.55047417985664,1.7070298994762,1.43352961694751,1.46233019888984
"976",2925,1.50097607873785,1.82503534446066,1.4400853978273,1.43497642417564
"977",2928,1.48307671569582,1.90462154574362,1.46239560751731,1.42234495644352
"978",2931,1.44060896600794,1.84764264155029,1.42826574263307,1.49385301137918
"979",2934,1.44158473305067,1.6723001163907,1.41920862681447,1.45094229711793
"980",2937,1.47475603177883,1.64808048662115,1.39583048480127,1.44154624772482
"981",2940,1.46345669683893,1.64153277666611,1.46077151134463,1.43891648772818
"982",2943,1.49117161773043,1.63019180761891,1.44235550597541,1.46005470692201
"983",2946,1.59890615501369,1.65498725842915,1.48936013385287,1.46397159597381
"984",2949,1.62113701061188,1.67035755099396,1.50515723343546,1.44786368856006
"985",2952,1.57623876764259,1.66836179810815,1.48473319506032,1.46895295049661
"986",2955,1.55917220467335,1.64200684285173,1.490141775573,1.40083362479186
"987",2958,1.52872048744244,1.65334291540613,1.43284436385672,1.40005129732826
"988",2961,1.61748967221343,1.70001788253356,1.43642730000361,1.44674847070148
"989",2964,1.59305963841354,1.72520256721685,1.4088105922843,1.44340626266209
"990",2967,1.53535830168897,1.69628221818301,1.41373728673279,1.40836277767839
"991",2970,1.47174364218646,1.66710482809758,1.45673813463994,1.42347656306726
"992",2973,1.46726947037294,1.63280345001521,1.41334349303176,1.46954679408949
"993",2976,1.46694769848989,1.56280408144148,1.39237197822802,1.46054569716975
"994",2979,1.48799834933381,1.6035022429552,1.47398078243923,1.44902532723821
"995",2982,1.46161229483318,1.5772912857173,1.43435894620248,1.40672664817
"996",2985,1.49622600152565,1.63880401062025,1.48648640317595,1.41477187763407
"997",2988,1.50888220336447,1.61317522918484,1.54847388539964,1.47403975047196
"998",2991,1.49012513248742,1.61391597828828,1.5218400656987,1.47194606303124
"999",2994,1.53928448980738,1.6064386628701,1.49355685408679,1.49391947314024
"1000",2997,1.55513365795221,1.58397040277015,1.46060150144234,1.48999971878514
"1001",3000,1.58536507121776,1.60647206135545,1.42622178550922,1.46867260379182
"1002",3003,1.52314064935559,1.62171917986686,1.45347793549099,1.42324721605128
"1003",3006,1.5484193648517,1.66993742322984,1.47482065426505,1.38210602033706
"1004",3009,1.58516209871714,1.73151505358666,1.49508020058501,1.40375563208278
"1005",3012,1.60005621942627,1.68306849037682,1.45916150597733,1.36779440411287
"1006",3015,1.64332016495096,1.78427401764925,1.44382154737821,1.4235346628063
"1007",3018,1.61820527327042,1.71006908636487,1.52347300057957,1.42150882432562
"1008",3021,1.62473155075922,1.66942667329867,1.57397879446334,1.41187963958597
"1009",3024,1.55244349200383,1.64213520677542,1.56965814719649,1.3942070571067
"1010",3027,1.50754609028681,1.64461352729413,1.52976258257942,1.44898412233471
"1011",3030,1.52673147023086,1.68341196402971,1.55137148180838,1.46170147547797
"1012",3033,1.47220868287607,1.72880059721887,1.67962623558535,1.39276976393009
"1013",3036,1.47891571242243,1.93291023190662,1.87934375292348,1.4094635318653
"1014",3039,1.51852120508415,1.85886380594244,1.73900549664097,1.41638935613502
"1015",3042,1.4770380546314,1.69278163509278,1.61543673903831,1.4244990350475
"1016",3045,1.47089190685186,1.57236982398142,1.50953513944402,1.40971794758943
"1017",3048,1.50632886692345,1.62162266517916,1.46697825929627,1.48452468571328
"1018",3051,1.48240889284126,1.6042817438476,1.40316672982137,1.62503422044617
"1019",3054,1.48818119282542,1.5399024385167,1.36013752550858,1.51205277066793
"1020",3057,1.50013752824511,1.56882258639941,1.47297279877529,1.54324735769974
"1021",3060,1.42708775571876,1.5714170389959,1.40844364687522,1.46132456185729
"1022",3063,1.43997387990694,1.53670433214518,1.43515854437657,1.37358520323617
"1023",3066,1.44982653203606,1.60943059985799,1.45977527354914,1.40996043141794
"1024",3069,1.447150491909,1.66363795673771,1.45931703358626,1.45682469395858
"1025",3072,1.53104317377974,1.69467254374316,1.44596132332994,1.41153419072046
"1026",3075,1.47373783702805,1.67740561179895,1.45928892437372,1.54322211178638
"1027",3078,1.42869613691351,1.62899693886147,1.41342197796553,1.46577180839934
"1028",3081,1.50011847268982,1.58706253521985,1.3980843886318,1.47106885226356
"1029",3084,1.47159065342875,1.63038904633842,1.45574729569269,1.52456147249203
"1030",3087,1.45986258071139,1.60420845172571,1.44023329939326,1.56109629670375
"1031",3090,1.45551590341957,1.57772122366979,1.40973532684474,1.5889454613313
"1032",3093,1.46245208587155,1.6027981796146,1.45011721554558,1.52679473573941
"1033",3096,1.51659519171357,1.63096256344225,1.47786341781916,1.50633525715186
"1034",3099,1.55808399219523,1.6117609764808,1.57100709382324,1.52318248464201
"1035",3102,1.54983479146499,1.60785189491186,1.60315742999848,1.53974807406063
"1036",3105,1.51762858201343,1.57186603071798,1.56330943438068,1.50075688987094
"1037",3108,1.54843458238634,1.63735623824671,1.61395341505814,1.51816096915893
"1038",3111,1.58297290638289,1.62247442979817,1.52474395060597,1.61022969876326
"1039",3114,1.57841136271493,1.58901908488262,1.48630602547113,1.59068631509364
"1040",3117,1.51407160570972,1.59017942658631,1.4353869739585,1.60211798301612
"1041",3120,1.50486990314756,1.64196357534762,1.44842920539022,1.50715122087679
"1042",3123,1.49153476537746,1.66554012812727,1.42104759433737,1.4282200289065
"1043",3126,1.45284047732024,1.59844566365328,1.43357520655097,1.44789913452085
"1044",3129,1.5090658259005,1.65714373693149,1.47659728501541,1.42085677580537
"1045",3132,1.45276794445355,1.59191557491026,1.40599140606415,1.41322304992874
"1046",3135,1.46970586767103,1.60263350012897,1.4250099865544,1.44576460902365
"1047",3138,1.47952466027408,1.64406633209231,1.45519563509189,1.48419706881642
"1048",3141,1.42808563908989,1.5971798481033,1.37889575768218,1.41391080240036
"1049",3144,1.52732913516388,1.80347758125853,1.48623032996392,1.43292302291616
"1050",3147,1.49412965108894,1.80542524410373,1.49740522148613,1.48219371796128
"1051",3150,1.48171593224521,1.71076422032237,1.47419142571186,1.43249198275034
"1052",3153,1.50806359445196,1.66495639980712,1.4399426959496,1.4502506385624
"1053",3156,1.58560703230598,1.6277598194689,1.47022614332169,1.43452633112069
"1054",3159,1.56510438404557,1.59755452611036,1.43634823316081,1.40698002227471
"1055",3162,1.52903139792882,1.65630882544878,1.46284354410906,1.41657475216146
"1056",3165,1.53415793789636,1.70007129982022,1.42759598627469,1.47042600102491
"1057",3168,1.45389280509568,1.70895672402147,1.43601186105931,1.3825550763931
"1058",3171,1.45658816921636,1.59970159727614,1.4040898341768,1.37140170805156
"1059",3174,1.4321755558803,1.61919450439528,1.45109142602328,1.37738914796626
"1060",3177,1.40963111332534,1.60567695261779,1.41194144684408,1.35724677965307
"1061",3180,1.45446396356421,1.65006543967293,1.40783248187409,1.35891531857981
"1062",3183,1.44469181509969,1.76750648246507,1.39916890148418,1.35887792209774
"1063",3186,1.47959499341318,1.70994199025377,1.43840338526106,1.38074989251201
"1064",3189,1.47163341666089,1.64690980568136,1.43124376845677,1.38876680419507
"1065",3192,1.44972466511879,1.63402873697085,1.46622589561067,1.3863129152511
"1066",3195,1.48367827069422,1.66363849540131,1.46760472656341,1.38296590034383
"1067",3198,1.49288022001735,1.6163439780715,1.48093488056536,1.38110026738248
"1068",3201,1.49491624524298,1.60191132515181,1.4363282006425,1.36295697121423
"1069",3204,1.50247678444439,1.59564330171766,1.37100810383222,1.38982662174643
"1070",3207,1.50290876072092,1.61420554416294,1.45220320114406,1.37418495616491
"1071",3210,1.52845040251103,1.55517704929029,1.38868276999315,1.37839003436699
"1072",3213,1.55240191745021,1.61265343316927,1.39080167934313,1.38430294216408
"1073",3216,1.59041117976519,1.65843188477699,1.46829693546146,1.40229194459534
"1074",3219,1.59678203319721,1.62171229432341,1.432135671311,1.41152615626649
"1075",3222,1.58343692660033,1.65459397893715,1.42792408493225,1.41972343563252
"1076",3225,1.5517075539054,1.58589846100177,1.3899913895125,1.39474718217441
"1077",3228,1.4922277913286,1.56910243454373,1.37912135921651,1.35862775080359
"1078",3231,1.47320884103947,1.5908639113245,1.40462537993701,1.38204517386054
"1079",3234,1.51707816045045,1.65202335675305,1.51644511758653,1.41483199497381
"1080",3237,1.49650630278747,1.68162924793757,1.62602607958655,1.3785634298266
"1081",3240,1.49121340834159,1.73229024730876,1.52832019833756,1.39700674189806
"1082",3243,1.51317137544552,1.67197006928069,1.63352564399287,1.40310291287738
"1083",3246,1.44931088287519,1.68568058551396,1.60531283148543,1.4006176342177
"1084",3249,1.48033600556628,1.71982027738279,1.69590220514831,1.48384457846694
"1085",3252,1.50814051486995,1.83868509228859,1.73167611798906,1.46693137258354
"1086",3255,1.51002334444315,1.74061981970604,1.65721802199212,1.40982011629632
"1087",3258,1.51969519583177,1.79334036661435,1.56915650643149,1.43900369297595
"1088",3261,1.57178248319112,1.85488700783647,1.54422785977496,1.42846232634555
"1089",3264,1.70443104394801,1.93884147759103,1.53629264675203,1.47373651042727
"1090",3267,1.67765563512764,1.8278731749265,1.52552791119731,1.55467817392063
"1091",3270,1.53802741485311,1.82015466801845,1.53120029723929,1.59245086657341
"1092",3273,1.51068421261136,1.73764938179327,1.50890379313567,1.53828307952623
"1093",3276,1.52525335920303,1.68721085609907,1.60173230904165,1.47178238301772
"1094",3279,1.49265739999671,1.61804999233459,1.46390627803213,1.37057007952066
"1095",3282,1.5238343987721,1.62966974101797,1.45893735653753,1.39610970664269
"1096",3285,1.46773684502629,1.61781158860781,1.42248179468334,1.4123939258747
"1097",3288,1.49495826572216,1.61707498902221,1.42268117049423,1.4055176543254
"1098",3291,1.41538938079518,1.56429096955942,1.40662248484694,1.35712119889147
"1099",3294,1.43877423278406,1.59861378704437,1.38820193288461,1.36210386803843
"1100",3297,1.43152173913043,1.62152633761925,1.3652585847181,1.37944358578053
"1101",3300,1.43660632450968,1.64162312199029,1.37950380114426,1.39995566486183
"1102",3303,1.4849502344777,1.62949202410493,1.43094136291344,1.4172986049498
"1103",3306,1.46210809367935,1.58449539647175,1.41433323687087,1.41542917190565
"1104",3309,1.48404594179224,1.66016902358327,1.4035748115927,1.40500296917393
"1105",3312,1.43929781412441,1.61928312170519,1.4208120044791,1.38994717221144
"1106",3315,1.41384478894535,1.57161094482775,1.39042603417421,1.40384530920363
"1107",3318,1.44078473383684,1.52770937870632,1.36070226250008,1.38808140821322
"1108",3321,1.46340148233367,1.62704995518711,1.44330043434023,1.4152831638241
"1109",3324,1.48758149444133,1.64136300672811,1.41850383469928,1.47751309675635
"1110",3327,1.47150392839562,1.60893571952839,1.44857016776881,1.45033005302135
"1111",3330,1.48179800379593,1.6643255588193,1.52090283556873,1.55950805541211
"1112",3333,1.41635423730536,1.66744911399838,1.47517075033079,1.45603108155084
"1113",3336,1.46064258199887,1.67248295834628,1.45184128753063,1.42703712504534
"1114",3339,1.45562084477289,1.69300482582725,1.46056226420464,1.44513194461813
"1115",3342,1.49532070450788,1.64549817726091,1.49127023518274,1.4155943084823
"1116",3345,1.47450185954318,1.6577927683294,1.58203523157022,1.39074829495904
"1117",3348,1.4237477958369,1.58590999817275,1.54017523252958,1.35999435336087
"1118",3351,1.54355572666361,1.56275141047328,1.4923408444381,1.4587872747533
"1119",3354,1.67468780746685,1.58338765502445,1.46673105173855,1.42448921820019
"1120",3357,1.58018326647779,1.55884843747599,1.39660897212522,1.45619385058348
"1121",3360,1.46866044701966,1.52743715578811,1.46066516018916,1.45451204997784
"1122",3363,1.448770259517,1.55013897034975,1.41840043553483,1.42525568971326
"1123",3366,1.52728142472478,1.541569424307,1.41493931974083,1.53924839038643
"1124",3369,1.56631741563079,1.5420151151856,1.41991438877005,1.44710132935901
"1125",3372,1.60980268801314,1.54535535009621,1.42416125291484,1.48998174154756
"1126",3375,1.59529858716529,1.57564685207927,1.39679932790744,1.49986299137012
"1127",3378,1.59109108638655,1.63327691072105,1.44331942139557,1.45135564574214
"1128",3381,1.52330854669395,1.64096424980445,1.4376408106285,1.36704840394606
"1129",3384,1.51416843663235,1.67360631106573,1.41118326930245,1.37196759857984
"1130",3387,1.51817989171807,1.72632457435,1.40426393924973,1.40410530079696
"1131",3390,1.41832129929618,1.67439488423701,1.43922023395699,1.41792892268112
"1132",3393,1.41547723104805,1.59126271860438,1.37450025931504,1.43891871756801
"1133",3396,1.52401655104336,1.61778015416165,1.39500462295665,1.48235879347809
"1134",3399,1.45892650847558,1.54983659568736,1.39178102258145,1.42801762855182
"1135",3402,1.4811502555356,1.58017167784806,1.43050447611221,1.31969801120309
"1136",3405,1.48598222048532,1.59408967831447,1.4903028722428,1.44710519776028
"1137",3408,1.41381230935146,1.53766813943904,1.40722811293177,1.4131632132997
"1138",3411,1.48429787964024,1.56282663163097,1.43695185116183,1.38196711645646
"1139",3414,1.44610744377429,1.53430558564185,1.4135614367909,1.36405429444223
"1140",3417,1.47430051987885,1.55871120913111,1.41761408722146,1.39515674111648
"1141",3420,1.47731563404141,1.57155086840754,1.40286658406372,1.39511506136625
"1142",3423,1.47639554051194,1.6065792740524,1.45510459839965,1.43062413202441
"1143",3426,1.47577141303424,1.56788769123362,1.4469908669916,1.37926883293776
"1144",3429,1.51495581153279,1.59260389700229,1.44074597682683,1.39434882311116
"1145",3432,1.5566956356251,1.66210743104767,1.43908387001566,1.41487301111711
"1146",3435,1.47796964549717,1.63308410184237,1.38695967642462,1.38164627117076
"1147",3438,1.44292290258808,1.6553017690808,1.37849195662232,1.36325464644633
"1148",3441,1.51619067850626,1.69822264483596,1.41656813737749,1.46746098283854
"1149",3444,1.51926572631073,1.65030848502068,1.42884476006339,1.41768791605812
"1150",3447,1.59996092248403,1.68284689797033,1.44670309790742,1.43285358038542
"1151",3450,1.57889621366701,1.64584757700147,1.39471418310079,1.45216547219766
"1152",3453,1.59517663391796,1.65003662590354,1.41565929770454,1.46443055398827
"1153",3456,1.56536790765121,1.68609568249666,1.41673051236837,1.50939986707249
"1154",3459,1.52525609499388,1.58766445545596,1.40256687074312,1.47858549498481
"1155",3462,1.5345600610634,1.633223087551,1.42814890529142,1.48480686033454
"1156",3465,1.57911874198545,1.59885296995844,1.43524520769117,1.45436352609169
"1157",3468,1.61136410493429,1.64707526571876,1.42898054429456,1.39592328213651
"1158",3471,1.57349815574955,1.58962709696235,1.40385596676043,1.4848829864379
"1159",3474,1.60539562416956,1.63044169274391,1.40638639451542,1.57629169372353
"1160",3477,1.5763786764298,1.63470375122473,1.37858433815723,1.42423757108881
"1161",3480,1.58680796767464,1.6355584831484,1.46140845488931,1.41396567317421
"1162",3483,1.5156036036779,1.60984932209062,1.43587525311401,1.41839582178825
"1163",3486,1.51649574072753,1.62423969119071,1.49751017311539,1.44027870540305
"1164",3489,1.48082928558316,1.54661314626384,1.44483227050662,1.41477368980305
"1165",3492,1.48018631676085,1.58244069283606,1.43485579023444,1.35719000994042
"1166",3495,1.52183859997778,1.59538078533324,1.43090666935629,1.3737031486729
"1167",3498,1.57421539741068,1.58316331760742,1.41609089371867,1.38965511011484
"1168",3501,1.56293329492289,1.54936159445773,1.41604717949907,1.36722857286524
"1169",3504,1.59114480886174,1.61261148620407,1.46333029583552,1.40180344715212
"1170",3507,1.60900237540688,1.64068066114677,1.53789400918987,1.44258681588003
"1171",3510,1.56206944944425,1.60770917473494,1.75342818786948,1.40491412251503
"1172",3513,1.5097457996935,1.65949504764435,1.73588740039517,1.40564071593172
"1173",3516,1.4377470967716,1.7272214654415,1.54866769557852,1.44390965273695
"1174",3519,1.46962606681828,1.81674976796982,1.47669004535748,1.45379891190171
"1175",3522,1.43598201926596,1.79123746250529,1.39171649529128,1.44954160829345
"1176",3525,1.46680974976131,1.94929054764702,1.39586460634575,1.43231808271014
"1177",3528,1.4739384958527,1.81781110997193,1.41937569447302,1.42335589941973
"1178",3531,1.50224154648391,1.71349918079375,1.45329706769433,1.53839483754019
"1179",3534,1.44235281708425,1.64308542224566,1.41572244739207,1.46188733927914
"1180",3537,1.50603510258041,1.6633333241071,1.42394376799464,1.43388104519747
"1181",3540,1.5162683051731,1.61106455894426,1.47264635771821,1.4065955582408
"1182",3543,1.46939407410129,1.58617701815739,1.45711077943269,1.42606616718579
"1183",3546,1.4578806046193,1.56375507976061,1.43494665711554,1.45353778585177
"1184",3549,1.45253449432401,1.61017418512751,1.44437694118308,1.48216779768066
"1185",3552,1.48370357270187,1.60449213839294,1.47036319156529,1.45568711930698
"1186",3555,1.44205659608689,1.55011926240449,1.43134192223285,1.37978706049438
"1187",3558,1.47244598996449,1.59119364751919,1.4841694629766,1.36754649000524
"1188",3561,1.44493878885619,1.59185353118567,1.52879661090321,1.43656877967311
"1189",3564,1.46575909691805,1.53819914673675,1.43987932903571,1.39479572745858
"1190",3567,1.42716271017637,1.56705167419796,1.38920336629377,1.37667562089496
"1191",3570,1.49397721576255,1.6041592530238,1.48178815003242,1.36103683074361
"1192",3573,1.44810821822434,1.51729512863254,1.43155444174028,1.37114203078624
"1193",3576,1.57808705975378,1.61575597005502,1.44952297257251,1.38652489717438
"1194",3579,1.58062005362871,1.66459234159688,1.45561848513858,1.3969239650616
"1195",3582,1.60380854855378,1.67583506690062,1.40884886290581,1.38748066603727
"1196",3585,1.54446613205047,1.6264040974584,1.40673226924383,1.39896881816613
"1197",3588,1.58447733083925,1.68397734509037,1.41101048058561,1.34256745453032
"1198",3591,1.58126344991981,1.74567992827825,1.42879965861738,1.37519416683338
"1199",3594,1.5915509509561,1.8658359247875,1.38155167811294,1.37092152724851
"1200",3597,1.59216844775465,1.87088416064228,1.40440146703993,1.36757430133212
"1201",3600,1.61891246459534,1.70673366188602,1.45417835363588,1.40678678938298
"1202",3603,1.54626000793059,1.61639762341077,1.4065199067371,1.37006768511264
