"","Time","4","5","1","2","3"
"1",0,0.946318123686362,0.749351940748869,0.872874471410226,0.894995724112229,0.899766166352865
"2",3,0.925824078471748,0.802982299750114,0.878846941742117,0.884141511500153,0.864354832120627
"3",6,0.942065535982413,0.735812108690846,0.889453476205932,0.904256714551502,0.885655625854089
"4",9,0.919152578894614,0.746037722920518,0.872552511816891,0.913744367620497,0.876784060006265
"5",12,0.917818510169605,0.745004514164507,0.879371442932504,0.889789663278492,0.872291274415412
"6",15,0.917225407553833,0.724681740972179,0.865678435774111,0.836857062950852,0.872578849045772
"7",18,0.914848954494102,0.731467942228931,0.842945850434479,0.891940392185275,0.85676950704569
"8",21,0.902997703183302,0.756261876036515,0.842356495699904,0.831229906629641,0.88699704489902
"9",24,0.91158106553715,0.758850720254954,0.866114407687434,0.900517112109565,0.891901311848355
"10",27,0.911656358191088,0.752329406006357,0.862717826395274,0.849571676072345,0.898640675034884
"11",30,0.892171851314333,0.735551070067422,0.876851663958437,0.853465628069263,0.901335394436264
"12",33,0.896433792795467,0.730283999104092,0.807252422134064,0.836062928040137,0.849421535324217
"13",36,0.867241601603867,0.724933001643295,0.834438177360885,0.832369996104166,0.853251056911468
"14",39,0.856842345099916,0.688027150812711,0.826825132720103,0.816676097159136,0.838889190530476
"15",42,0.868034403372527,0.727631520475055,0.848936979096731,0.860820495689767,0.85246608667719
"16",45,0.884089074052691,0.711382421521422,0.847066317370266,0.841283206612484,0.860113657088674
"17",48,0.898714728518836,0.691577617175138,0.812541934891195,0.833825997640229,0.845896799160382
"18",51,0.872761973326997,0.711268123162827,0.808356615067659,0.828570182148254,0.842643083587788
"19",54,0.886422210677319,0.712862462903279,0.797068776755288,0.802738959451735,0.823985606919443
"20",57,0.879523927822205,0.717572642439876,0.814987377204222,0.800143425325837,0.832152889930169
"21",60,0.866930024347773,0.708133839582114,0.774299159857987,0.80254976042674,0.835594098488234
"22",63,0.852057007854707,0.718563024331239,0.831233750422634,0.822544707122881,0.862343208634859
"23",66,0.860046213954653,0.744394511872749,0.791668917112684,0.798744642156146,0.83881675662719
"24",69,0.882643201399731,0.73823685448078,0.790380713913317,0.805335761295567,0.872402359323995
"25",72,0.875900515501152,0.723755740478006,0.773710329212074,0.799491546067981,0.850944571278796
"26",75,0.917139488493533,0.750714170243314,0.777473958596051,0.822034929220157,0.851456642124651
"27",78,0.891162990089233,0.743151800205677,0.792892878044925,0.818123605913129,0.860255591224974
"28",81,0.899163736460924,0.774564006996741,0.769313941469234,0.819464118528309,0.874834914807177
"29",84,0.888724078968299,0.739071250074488,0.767460351711607,0.797514121809437,0.87012335355882
"30",87,0.913065152132898,0.753137832125604,0.812358679075131,0.822143951681324,0.86165219641553
"31",90,0.893189998159061,0.724603846279632,0.77777974496821,0.81748646328472,0.880531123614297
"32",93,0.906439753419144,0.741891506540064,0.77771947104711,0.839982387184592,0.887720305536752
"33",96,0.913220685428263,0.763431505563085,0.741004246415501,0.806085661966807,0.849930599619289
"34",99,0.905497563893298,0.776609759672694,0.771424332101636,0.821767127991499,0.86312354790375
"35",102,0.923823290239614,0.765336506013777,0.750830210903754,0.835672502174865,0.928340201420789
"36",105,0.941420792100782,0.771852040560341,0.79713214952947,0.805872877557707,0.878247441101685
"37",108,0.933408983296168,0.769759077076368,0.738504975644047,0.836717328308065,0.900123903587244
"38",111,0.914696940293839,0.778686620302187,0.788712637630404,0.824282564511962,0.903715253041713
"39",114,0.952904109144496,0.742182468985009,0.756437604334843,0.853041997359621,0.881264951313919
"40",117,0.906311187181006,0.759522829020857,0.758694727305755,0.844152301051866,0.847531173812993
"41",120,0.900716490502992,0.762758951870808,0.749736180747127,0.851683350674215,0.898387904432223
"42",123,0.914287331885507,0.770754856767152,0.754552672072876,0.843263955176875,0.935767639719106
"43",126,0.91948171313864,0.766420914145541,0.777747168149838,0.829805827138853,0.915179990851098
"44",129,0.943080123308848,0.811880315165915,0.752666120108534,0.854713870328893,0.915732836763821
"45",132,0.91767562509418,0.782970046889313,0.754950768088101,0.837299317521067,0.894210721531294
"46",135,0.911283258602618,0.779602523364563,0.75010254068026,0.841870145833264,0.89188891103956
"47",138,0.928683238721223,0.805345740860226,0.71636399696478,0.856087402584725,0.930284633497569
"48",141,0.922293943780506,0.806817877260109,0.743491967947532,0.845116838558044,0.960678422584506
"49",144,0.955712112408301,0.803502550671918,0.735346865266444,0.827534806067555,0.965609504960446
"50",147,0.960617700429124,0.783117542253399,0.751918948206262,0.844495440015624,0.944258981740917
"51",150,0.918801135113503,0.807589171520956,0.752307248852626,0.851586725195299,0.903796483281197
"52",153,0.925417306093462,0.804999682397478,0.724117335160361,0.832983629792361,0.961543244630318
"53",156,0.958504601761283,0.802363399313825,0.753486715940267,0.851602604050917,0.949466469147061
"54",159,0.92687867341057,0.802226210888238,0.761654900011079,0.849052331138929,0.970365206736277
"55",162,0.938047869425108,0.800017500300086,0.718822018671708,0.851571772884577,0.95310350678441
"56",165,0.953479326266816,0.804263207104353,0.730363728540334,0.841823488243947,0.945048898324267
"57",168,0.968001337555953,0.817843531858405,0.729047965764959,0.850075803389526,0.954408902597679
"58",171,0.974159449887589,0.837775547366914,0.742393736335727,0.863619966141493,0.918677500996702
"59",174,0.976641568338982,0.794260498080088,0.733737429082458,0.829982045292396,0.962510763038026
"60",177,0.930707831834558,0.815444815806639,0.730094810145506,0.850142063341231,0.945049220506061
"61",180,0.92981346521884,0.82395232464968,0.757659280367459,0.853533940057166,0.93589518012093
"62",183,0.972063460962246,0.825461036144628,0.704403458789424,0.844958722562869,0.94734356724604
"63",186,0.942981480269433,0.817952670484847,0.724523613213007,0.850500821650276,0.983174947520136
"64",189,0.947941439205517,0.835721990153884,0.726494882910109,0.856118979074988,0.93657756684706
"65",192,0.98077383969081,0.812996084137464,0.724496615788089,0.854431000467278,0.969104340086786
"66",195,0.963094621103381,0.861691624405702,0.721525453216064,0.836619285971931,0.925061550131989
"67",198,0.969975086653852,0.86834684646464,0.707690131058061,0.861333904909939,0.963027023007172
"68",201,0.982608910008593,0.835892788263963,0.733952163696553,0.893237829459487,0.974660260995434
"69",204,0.949600826231279,0.826091642472506,0.737211579160005,0.886695779733661,0.954360097266053
"70",207,0.938714307105813,0.848769807777856,0.720439061095075,0.879709681087981,0.936217010678011
"71",210,0.994293456993667,0.846738563918867,0.746602326924362,0.887146915238784,0.986747728305205
"72",213,0.979974452195137,0.833466657087906,0.702599948693783,0.849988868405264,1.02632798212651
"73",216,0.984695474087971,0.845616285179355,0.722106633348292,0.86692195031184,0.955105007202131
"74",219,0.950023357246656,0.818563164553031,0.737851994117123,0.875877266051476,0.961920710656264
"75",222,0.973569808541853,0.857576803448041,0.717462785088152,0.842478413774974,0.996177579678022
"76",225,0.955836978638746,0.822291828829417,0.728046718206648,0.836263686560212,0.980004958236394
"77",228,0.993388010171145,0.861260479545425,0.720872113704997,0.856050938937824,0.973429021397487
"78",231,0.983551505556592,0.886682093231575,0.737234847419087,0.870853925041637,0.959828404223451
"79",234,0.995705858157204,0.844279948431236,0.745245258637715,0.886378388685096,0.962222800643362
"80",237,0.996566832471332,0.871832470232252,0.753453075444219,0.904677193922166,0.935048235036012
"81",240,1.04496675435946,0.883549519520127,0.72447030006222,0.879782489585337,0.966406005186409
"82",243,1.03437402438971,0.866067611585436,0.747146447790123,0.885919949139569,0.998816002266291
"83",246,1.01179753074713,0.876871577444466,0.739441403818668,0.889015810047236,0.99349083640783
"84",249,0.989406836044923,0.896521111801367,0.75563133413603,0.877046449943691,0.948307987412164
"85",252,1.03727003973985,0.918390567630745,0.739348355520951,0.89013088842078,0.993318711852657
"86",255,1.03287088821943,0.934894909624577,0.731908542447942,0.908783917223316,0.986503594190546
"87",258,1.04908620642649,0.89261778944449,0.740458935552603,0.9104524696088,1.00796913871158
"88",261,1.05854624518229,0.910225773601976,0.737648995271251,0.88392298731471,0.993020006707299
"89",264,1.04763793236021,0.914009873724572,0.769550924417596,0.892015850090323,0.991403840432371
"90",267,1.01681262937843,0.904486486076361,0.752002407182698,0.876225846387423,1.00399748495932
"91",270,1.07473600026575,0.907280821858827,0.742113814885257,0.896195430918926,1.01059089877323
"92",273,1.04324745505833,0.908155575393378,0.744599906557863,0.909506181294652,0.983796888209064
"93",276,1.02328803585432,0.917573797151534,0.738492370124114,0.877832051300622,0.985178537189651
"94",279,1.08511257193938,0.926198842593597,0.755959571183159,0.897455881184472,0.996707994268604
"95",282,1.05517085202949,0.916178595751042,0.721806078705265,0.89828046390504,0.978000812005365
"96",285,1.0506659399883,0.889707783102831,0.769403628423636,0.871222471900275,1.00242957618093
"97",288,1.08792423045973,0.920051048460275,0.769251622673712,0.901809793029626,0.989458532914817
"98",291,1.11279781652007,0.948850904721865,0.758293486889669,0.936438234165697,0.982230664180377
"99",294,1.07106493630439,0.904604491954608,0.758187714163824,0.942383961862983,0.989546550770251
"100",297,1.0785568944368,0.890562835240947,0.773628880328504,0.921628245191147,0.946721200590736
"101",300,1.11473248605879,0.959232948970798,0.754843985949787,0.935283248761607,0.985509416538993
"102",303,1.10468690609599,0.924948406468569,0.768739407355156,0.884697952696979,1.01926415426974
"103",306,1.10393280150388,0.91823909585915,0.73192004684592,0.909147408855838,1.00426349350529
"104",309,1.11029164728435,0.959329306378234,0.777641373163403,0.923143393666625,0.964571263215076
"105",312,1.13089019173387,0.999329100295718,0.76749461105914,0.968752634750363,0.980405387254743
"106",315,1.09148406314524,0.948832437913921,0.73767805193934,0.924817726144475,1.03785644301699
"107",318,1.07516545168235,0.946789212471942,0.748119639295802,0.934557693791907,0.963295692165061
"108",321,1.16946381971925,0.964544345706127,0.782847585637716,0.944911932638971,0.972041579535745
"109",324,1.05451675973531,0.955332978253952,0.767462468079258,0.915731986248234,0.977357498487152
"110",327,1.099211578222,0.907591734574191,0.773634705852505,0.945752088310227,0.955579331936883
"111",330,1.13052334590934,0.950880958986267,0.780095485315373,0.939675042592551,0.963873714225318
"112",333,1.06982775317408,0.93800963446083,0.7746682818591,0.940514937531707,0.962775430999241
"113",336,1.08954005539546,0.93640331924277,0.75448031284764,0.924499329977488,0.997495251423014
"114",339,1.13828142603764,0.966818025406495,0.789900239626841,0.944501080227099,0.955645050432106
"115",342,1.15857306015291,0.925198910249346,0.771991250132473,0.951685376306219,0.992153513674763
"116",345,1.12920437532895,0.938563357471522,0.795254729335799,0.94327955518302,0.942210399135814
"117",348,1.17381946848069,0.949956576149009,0.761344999455226,0.933282441553903,0.919493723933373
"118",351,1.15524986412311,0.935567486899482,0.770894085054161,0.90112933482979,0.966591212153142
"119",354,1.12247582896059,0.900250415635075,0.794596013725628,0.897819271660794,0.949218627082663
"120",357,1.0789103775143,0.948318932282214,0.791109625598909,0.94185346101223,0.914090890443747
"121",360,1.12401622011813,0.913542681227039,0.763716417540754,0.955793326770642,0.94318985451642
"122",363,1.1265579457718,0.927675562479262,0.79139557232415,0.925392363154923,0.931367811275862
"123",366,1.15382444227452,0.944453356007689,0.790274637101337,0.950794413839664,0.989608992531791
"124",369,1.12791492285418,0.955202742355181,0.809114496260872,0.938710868009314,0.982504269854221
"125",372,1.128060868506,0.949115380965003,0.818804406670967,0.962976377412187,0.939312784175346
"126",375,1.14622882402805,0.96196420396362,0.803494898982223,0.959552231520866,0.965779488251423
"127",378,1.15777009596605,0.936231400006295,0.823141262105037,0.983130812793307,0.929809816159819
"128",381,1.16143105740223,0.93207723871593,0.819661472142293,0.970532873729636,0.97174283823784
"129",384,1.19638080415606,0.960401728071973,0.840922816488268,0.956681513249687,0.984205228374452
"130",387,1.13564936230956,0.941635549211451,0.802854013363788,0.916745752101982,0.956272107831653
"131",390,1.18039682438455,0.951242897665624,0.811467722715853,0.95097004736203,1.00825503519895
"132",393,1.14508139553696,0.943248341532902,0.799251736267852,0.961900319195825,0.967089050405933
"133",396,1.12635922839247,0.965896821841619,0.831072345342789,0.943052883406744,0.943279311151728
"134",399,1.14425207575689,0.942342844935773,0.80212617176425,0.947422265558844,0.946798656022574
"135",402,1.16622316147202,0.959842137056593,0.799754026054314,0.908802060633913,0.942888772832188
"136",405,1.17014292111739,0.952467573457398,0.789692349743372,0.939106116164091,0.969281652636029
"137",408,1.1400382199574,0.966999024386951,0.804031747028912,0.94487184704559,0.97065416958046
"138",411,1.16835106210896,0.968258407462956,0.835960908993308,0.959607559422372,0.984660730921711
"139",414,1.18173264505534,0.967959718523447,0.825270901236368,0.968659692662295,0.993973949256851
"140",417,1.16345086870737,0.943253066842307,0.82487067423346,0.955954766583699,0.980278654483591
"141",420,1.16887964047659,0.979898193091009,0.810458369574735,0.943565358733282,0.972024596563812
"142",423,1.19726397169179,0.978896515360062,0.842026075093605,0.946062462124691,1.02536756880008
"143",426,1.21308265596887,0.970059053056715,0.862704114455984,0.950161455118213,0.953018284140523
"144",429,1.16482259039299,0.952525341850431,0.835963605681953,0.955171540710357,1.00032304857259
"145",432,1.17287082866904,0.976910739859026,0.839138098915987,0.984437255320947,0.972339303458274
"146",435,1.20415340101246,0.980082142976216,0.808830242945935,0.961101533951689,0.949540619737825
"147",438,1.14140215642277,0.957181215041008,0.820438217775164,0.97530984175344,0.92226848174289
"148",441,1.19893316224651,0.988530375997602,0.851045038941035,0.99306669667765,0.984590888209366
"149",444,1.2027684662193,0.948743367095796,0.807840768033598,0.987448876209383,0.938906906104214
"150",447,1.1474573727305,0.960818423833774,0.830073417084581,0.966511606210366,0.96701044826424
"151",450,1.20757480080055,0.952142198212167,0.872812249403099,1.00087382511045,0.981414394270379
"152",453,1.17089991119245,0.976236729764112,0.831255996231838,0.963058624798973,0.987700569524636
"153",456,1.18069297135955,0.958298352754134,0.830963453780668,0.956517324768874,0.984308518540495
"154",459,1.13804419785209,0.960142942151706,0.836734825382557,0.940248771151841,0.989718422320669
"155",462,1.23847733126708,1.00134598210063,0.829766601665342,0.960086058976574,0.988184803803476
"156",465,1.22747435966225,0.991903665563293,0.874956004495638,0.974828799374929,0.990999451980801
"157",468,1.19940932457995,0.974579329204244,0.850107297880946,0.977051288070857,0.948009582604372
"158",471,1.1831426173736,0.946790639267933,0.843691113035906,0.939915603932819,0.960441089963816
"159",474,1.20009603090972,0.965654834062335,0.832961346132399,0.985201812047788,1.02977298376224
"160",477,1.1740539337965,0.994434604005877,0.900814103407557,1.00963534196402,1.00162479283438
"161",480,1.19690360722444,0.975272814503171,0.866930536303909,0.964337289912348,0.977721405094815
"162",483,1.18725134988916,0.950611521184194,0.868262779783316,0.952298114187317,0.965439325873251
"163",486,1.17294505772723,0.965778266245363,0.93057195418213,0.918412002849977,0.914800490895221
"164",489,1.07382863340348,0.88517996942376,0.995703578871864,0.857237477909291,0.900301775519918
"165",492,0.989436918549759,0.784687239842771,1.10626271434787,0.772237967696435,0.774965259562771
"166",495,0.931825723346019,0.705111196895701,1.2267872441831,0.73229378085501,0.705446092429522
"167",498,0.829350274958809,0.663854795967323,1.32284192099404,0.689810606336945,0.655275855105735
"168",501,0.841502223256433,0.674153958147447,1.3544464197794,0.713050174428174,0.714611628195335
"169",504,0.926937666613181,0.7594276654023,1.37641525097333,0.755438158895482,0.751262709523112
"170",507,0.989523763208216,0.817026240984852,1.41455209067074,0.797806160046647,0.816382078218497
"171",510,1.02586418909155,0.844366218631831,1.3184302963148,0.817051933365743,0.852594037995586
"172",513,1.08310525804447,0.885741341971141,1.22604901294766,0.885540884201549,0.886062026376129
"173",516,1.1177854234964,0.909583151090512,1.14790326715336,0.896565359559066,0.926342552278344
"174",519,1.17078885570104,0.931306434140659,1.13460383147977,0.952293006568725,0.976900363276317
"175",522,1.21994850332688,0.953072986078136,1.06647863195334,0.951713634547475,0.989576361618002
"176",525,1.21547393124415,0.958005625307403,1.0012050714228,0.965465702388779,0.915012889588067
"177",528,1.22632216671309,0.964511466493897,0.942550305773832,0.950815214411148,0.945748979201787
"178",531,1.1757100752434,0.973229222168604,0.948268747040577,0.952432390191421,0.947834957710305
"179",534,1.2100223605248,0.962732827369382,0.943689747434282,0.984000463007595,0.979346386729649
"180",537,1.20079893473672,0.963814867502564,0.914816049406899,0.986147563361832,0.967520785603324
"181",540,1.22960931090025,1.00128357911275,0.926419532166858,0.975296652763954,1.00098903432092
"182",543,1.23825700719669,0.982915551591121,0.866678311635356,0.946602794931783,0.998703858798576
"183",546,1.18125831098979,0.952741099611687,0.896788488974298,0.940021521055811,0.998575469475385
"184",549,1.19894425217369,0.986969521833658,0.902343853304858,0.942217514115029,1.01737874367449
"185",552,1.19441527223681,0.955893856373471,0.884797073348219,0.953385365886576,1.0280187408711
"186",555,1.2291116569971,0.998122226331796,0.876254523373415,0.936183071378464,1.01721515452539
"187",558,1.23033763096165,0.942841631201172,0.928800320224399,0.979752541952077,0.991761992051859
"188",561,1.2314486728167,0.951750214939585,0.908599696504226,0.962556763153925,0.980887557957962
"189",564,1.25205066259237,0.991874355298135,0.867140616589548,0.966507967627176,1.00358196547619
"190",567,1.29053051970679,0.97206358422723,0.909536331126821,0.970494604822963,1.00882954168982
"191",570,1.24483424799839,0.985525760046821,0.916344127163209,0.98686674676062,1.01039258513235
"192",573,1.2137843919151,0.966921529014395,0.916803369445593,0.944861014259164,0.972121309956641
"193",576,1.20451754679244,0.974681532102984,0.87138623219187,0.949875198884534,0.982928061445467
"194",579,1.23425689883843,0.952467967971194,0.917116302083225,0.955551666423914,0.984356069135366
"195",582,1.19383029708659,0.956094001592966,0.882354238396784,0.979346271482292,0.995950612081712
"196",585,1.19698464664379,0.967100835150131,0.835515276413415,0.934121476879292,0.939494432151223
"197",588,1.19770015530769,0.993253228998385,0.923762338440994,0.95307041266553,1.00797698887896
"198",591,1.2232758497796,0.964919907350107,0.871972010152186,0.925536033535829,0.994569921761119
"199",594,1.2297727795904,0.957434138651732,0.894071051822369,0.939867109634551,1.00028439153837
"200",597,1.16561306342619,0.956064981625124,0.839731241144867,0.913449943473271,0.954037501022008
"201",600,1.17517774302451,0.926283760253855,0.818031323152576,0.883564028212804,0.980171673929576
"202",603,1.18550224959685,0.903238335293592,0.833855577113903,0.909021540552344,0.934661791769764
"203",606,1.17641617948683,0.901006478015143,0.855144213326999,0.916182001275789,0.945138361364726
"204",609,1.18897225100367,0.933870771245578,0.859468830465604,0.912777549190856,1.00061856434511
"205",612,1.17201458629783,0.938003443072495,0.878350046269673,0.920190152757345,1.013008130897
"206",615,1.13388870294383,0.934144876818738,0.830776733361453,0.922438923422202,0.943678355601019
"207",618,1.18241074833524,0.956982019165574,0.881848226575717,0.962838458584092,0.992767099482163
"208",621,1.19294092785269,0.950813474430282,0.85527944848326,0.907340750382764,0.970329263313694
"209",624,1.18990629109339,0.947376644936896,0.883602721075122,0.915551630754126,1.00014301614004
"210",627,1.2065639905981,0.937250070493576,0.886284045495013,0.933375644729262,0.972386485813408
"211",630,1.21646138057556,0.9358519151564,0.885240608303585,0.937402119548629,1.03128389458965
"212",633,1.22033257704932,0.958550359539986,0.905332084911164,0.966835339477055,1.02785645141993
"213",636,1.22928483387292,1.00463124604787,0.921400872889052,0.926470242174426,0.977800381457469
"214",639,1.28140486616897,0.972419163698098,0.899930026807332,0.953302229014342,1.00717734903979
"215",642,1.20714039220405,0.98588902067864,0.884800298895875,0.954818134961169,1.01527702669452
"216",645,1.20709033754305,0.958075639618101,0.894546218295875,0.937320182354327,0.973811997295813
"217",648,1.21501833219831,0.956635538604298,0.911699608895847,0.94509867230624,1.02169287109867
"218",651,1.23124006724307,0.981329553011304,0.877634038870392,0.926948956027853,1.00382720153901
"219",654,1.22264252003952,0.976095669133926,0.921702148795954,0.954948482889176,0.998830645898393
"220",657,1.18771792021209,0.937940650909326,0.90113177587956,0.928766755340715,1.00110066576214
"221",660,1.24156366253242,0.997622555240479,0.924944283244622,0.956187188758973,1.05767205180347
"222",663,1.23137431095193,0.932673791964201,0.892925087596258,0.931024333746022,1.01649312608107
"223",666,1.19718788107176,0.96301192737642,0.912587338689114,0.942209817378769,0.973672404179398
"224",669,1.22578715209864,0.920605864081341,0.884861526220437,0.927206650795873,1.03580409404974
"225",672,1.21391735283839,0.907169413035554,0.932990479256716,0.919138972505508,1.00867390332719
"226",675,1.19150765556673,0.971773822151165,0.895506698084956,0.913599785113136,0.992509261353565
"227",678,1.26848231774785,0.953114164539906,0.913016327504644,0.964697658902122,1.03740020893339
"228",681,1.15398203992014,0.939509060962838,0.869023791732954,0.908180346107918,0.992215563655698
"229",684,1.2105460748416,0.93713871034042,0.861361407240806,0.922452752276541,1.01697272839159
"230",687,1.21837522357199,0.936240804690005,0.884233000283824,0.91913735363441,1.01806446548781
"231",690,1.18220513976729,0.948912976371071,0.918467081610015,0.945359855177195,1.01244313304337
"232",693,1.23616082209743,0.927664535744044,0.908714224346599,0.937802702234091,1.02113118045588
"233",696,1.20121626113312,0.958210593385079,0.89735267354516,0.958671971019627,1.02661738880721
"234",699,1.14944721212794,0.930636550054522,0.869292058812866,0.933396136903669,0.998145311664406
"235",702,1.21971686698189,0.931538980779404,0.867483700972148,0.946886900429143,1.03121563585145
"236",705,1.20790036611753,0.955691096421405,0.894710377580287,0.96258496155393,1.07302482215425
"237",708,1.14771353355073,0.930214602719449,0.86001326803712,0.916063828237026,1.01425836862318
"238",711,1.17692537774854,0.954864613258393,0.892017761814989,0.913668310253838,1.05901898875415
"239",714,1.19639980188766,0.928607132714655,0.893242469928071,0.885891893472153,1.01592537202639
"240",717,1.16868634052969,0.923267187641491,0.901443458219368,0.919380121072825,1.0345890050119
"241",720,1.16373633053024,0.929314779153138,0.901044459593791,0.910908614692,1.04316197480001
"242",723,1.13851625196293,0.924990619939181,0.899396327350136,0.888271313759667,1.03610798596226
"243",726,1.17376774460141,0.912351459102548,0.878238677956007,0.905070891309675,1.03013955274121
"244",729,1.1825116917791,0.936638383074361,0.872302259815082,0.890405312813789,0.995577900449976
"245",732,1.19708351746452,0.907261630145203,0.88118208542488,0.885768120478286,1.01278983241306
"246",735,1.16139822835374,0.883375276557337,0.905416091610281,0.904493123733506,1.0805454590823
"247",738,1.16411932681651,0.925151074030367,0.882617857123352,0.90692049475696,1.04454881414647
"248",741,1.15066832810926,0.924277747920548,0.878218676558398,0.921953187163056,1.03195278463184
"249",744,1.16253986621251,0.898794039391911,0.877110505686084,0.912443237146154,1.02431431277582
"250",747,1.15445987830722,0.90530792693009,0.84455367594301,0.892455597239545,1.04766994084097
"251",750,1.17057564825766,0.925255167958999,0.866166067787594,0.894060270481129,1.09909613182197
"252",753,1.20062214690004,0.950082326968861,0.913510966999758,0.887254052792526,1.05576117142169
"253",756,1.18567216142421,0.929410076247846,0.909202554631094,0.9009309915027,1.01128331813959
"254",759,1.18396475420971,0.923189313522212,0.896393253256449,0.926636932036612,1.09016314737565
"255",762,1.16391529561188,0.895921817955271,0.844536193941513,0.87664609494999,1.04776026874234
"256",765,1.13373190766893,0.901608577017127,0.851684278695443,0.878162384476889,0.97162339840317
"257",768,1.15268730879743,0.901078865485369,0.88732456620442,0.87457669549083,1.08303331519424
"258",771,1.159521858687,0.930510270954012,0.883964003276233,0.894680305133794,1.08978635705168
"259",774,1.22429475847557,0.929828508738397,0.915755955274672,0.911221969841708,1.03291914647905
"260",777,1.12803046351641,0.916677844871085,0.867269840481792,0.87527412803887,0.998347175761077
"261",780,1.18750567062343,0.904471863366387,0.857300623779076,0.873709469798208,1.11770511494294
"262",783,1.1294401676688,0.91599831166724,0.845395553823606,0.889524207908768,1.04681481059171
"263",786,1.1348882930534,0.897763234032917,0.891775646873991,0.885595596059112,1.08191417881091
"264",789,1.15470776739334,0.917610894757578,0.840109950600266,0.871639453889264,1.02981887926959
"265",792,1.15295185498805,0.921638439418668,0.839534218461758,0.883370691943135,1.05509216889808
"266",795,1.13040218137895,0.9091421925047,0.860564244925674,0.867882439904686,1.06421366274298
"267",798,1.14724305713963,0.896932642462503,0.89025241860366,0.853729326400155,1.03713472630719
"268",801,1.11038463349071,0.895392201688736,0.88902374122294,0.908863164434663,1.05990120708937
"269",804,1.1965661407603,0.925609711789065,0.890475536665926,0.855930893604422,1.03334673453331
"270",807,1.1333943440984,0.888776427883169,0.901029080691592,0.901565891873634,1.02507626972005
"271",810,1.17363667751796,0.922563554476791,0.923311551896138,0.881548949599063,1.04159686163376
"272",813,1.14329841141615,0.905938818223192,0.898755976659312,0.860794059284849,1.03665492180914
"273",816,1.13370994314413,0.924245777488478,0.918403945389392,0.866583813291071,1.12595721191346
"274",819,1.14895326475912,0.916355244260645,0.846573874491533,0.864772874233175,1.0704401137547
"275",822,1.09293561513864,0.862725917650001,0.827388194425585,0.900744116554611,1.05597996834621
"276",825,1.13451703526572,0.868814939204776,0.873639090522546,0.825132976571303,1.04697237228031
"277",828,1.11694294600343,0.896418883981153,0.820419883881433,0.86777216673959,0.997873962411268
"278",831,1.1261665054518,0.894857133344326,0.856822973351537,0.838320970727383,1.03975298884483
"279",834,1.1073049389564,0.881563096332947,0.824909266661442,0.836315033409768,1.08913357063971
"280",837,1.13068773512279,0.875017759404065,0.848484125261527,0.875113755396368,1.0641163834014
"281",840,1.11908446991734,0.886018524769379,0.90121200413873,0.85707169268722,1.10053618739653
"282",843,1.1038665960079,0.879580298753153,0.903468700127207,0.856211507647769,1.07939616692
"283",846,1.12986305124821,0.900329697992441,0.833182901040049,0.874356798679908,1.09517381356923
"284",849,1.1144747183369,0.889525914784696,0.849919193357959,0.847613499137452,1.07362318664792
"285",852,1.12650117250886,0.87820099569292,0.861698402151499,0.846608594654811,1.07061283992318
"286",855,1.10101762464011,0.912735615149367,0.870264150662733,0.858693457520991,1.0432582873199
"287",858,1.10196123186039,0.893872621243335,0.896164556552148,0.840319345495661,1.09380236376144
"288",861,1.10173966617173,0.877255442399787,0.864095087487517,0.845071237865826,1.07728995625998
"289",864,1.09079644241711,0.913860103006717,0.870768502351834,0.852628887106846,1.02652772468145
"290",867,1.15041409546121,0.869614791336269,0.867583977497042,0.822969906149521,1.00124354148339
"291",870,1.10725452444167,0.916779778869405,0.849503133811327,0.856438806513898,1.04069256253474
"292",873,1.11749914810202,0.886083893973061,0.833989593445335,0.856166352149374,1.08713074077094
"293",876,1.09937104512436,0.900924503464718,0.896543971241524,0.850073553745651,1.07865905725897
"294",879,1.0946841739575,0.889104729362181,0.851685491088317,0.843715962335616,1.11419241518685
"295",882,1.12392678014733,0.873297216175622,0.880823442182965,0.830249629054348,1.09571183104303
"296",885,1.10174308714096,0.882536792925134,0.830574166736795,0.885007378275846,1.06520675756149
"297",888,1.12746237238698,0.894345293376757,0.846503706811401,0.865913925594381,1.06758864274179
"298",891,1.11284134936524,0.908649071992569,0.876589650783914,0.873726749857168,1.06759137574779
"299",894,1.08587298153956,0.929765994345483,0.857953905827924,0.868941734050349,1.07375718459279
"300",897,1.13616687207759,0.884525663167935,0.860113828289233,0.845337976048006,1.04388215266402
"301",900,1.11029531193963,0.889988123046557,0.846429029605169,0.827376818820812,1.03812761665543
"302",903,1.11394884455802,0.881005672896008,0.882299150967638,0.838624643746346,1.03339822293822
"303",906,1.07233806387494,0.871742144195168,0.817787119336286,0.834857907008503,1.07539962656984
"304",909,1.09950037124469,0.884749354063255,0.844959968049549,0.863379791074879,1.11427445566111
"305",912,1.09392900310556,0.892476883886673,0.821809390106458,0.881418185189974,1.02822615961084
"306",915,1.10957466299868,0.893511762988995,0.881761493840266,0.828436646094689,1.04641616342075
"307",918,1.07834326797015,0.845163976575994,0.831179172996483,0.827745382620389,1.09151077557465
"308",921,1.09770686506418,0.872777044694227,0.846913924181981,0.848057836216263,1.07370562682927
"309",924,1.15883061247033,0.88707059629995,0.854711670132998,0.829299997727971,1.04278594701135
"310",927,1.14653067674954,0.902586798376363,0.87734314277082,0.851523123696191,1.06542298986727
"311",930,1.09572714615149,0.917438068202627,0.837015978932921,0.834110904326217,1.11291202764236
"312",933,1.10269125034034,0.880092082610789,0.883613515844362,0.837111757182981,1.07789020317201
"313",936,1.09595744680851,0.878012451669863,0.851087698344992,0.839628586752481,1.06651542128539
"314",939,1.11393284951441,0.863505859390731,0.848532515886604,0.838033197528212,1.06088826264319
"315",942,1.10408187805994,0.862740289898968,0.88399711400646,0.828217109947712,1.05200607501204
"316",945,1.11305071994069,0.896597015176863,0.873952302384725,0.848328052874316,1.0802259855314
"317",948,1.10435212525345,0.888257061362222,0.841307565303058,0.848448172623941,1.06709681573792
"318",951,1.09308024379974,0.867588387271156,0.84617159622313,0.82947459848373,1.06088251215059
"319",954,1.05744681736224,0.89342379162668,0.851137470796015,0.841047786513519,1.04082470171569
"320",957,1.09763660584863,0.902516675871492,0.849013865999264,0.852489814655867,1.02104395041252
"321",960,1.09734259530618,0.854046531115694,0.851352005315403,0.858433320362543,1.04968839242105
"322",963,1.08354631556186,0.861344250023191,0.819386324003097,0.824246012737598,1.05720011789595
"323",966,1.13032939775101,0.864415942664072,0.836015823823403,0.826520949541869,1.06188503807047
"324",969,1.06322294764188,0.877316540263674,0.83812420573567,0.827678703899569,1.0526141691169
"325",972,1.07726817457551,0.867307066784807,0.841342607503168,0.852985749389638,1.08250770963554
"326",975,1.06918044660329,0.85719037690452,0.838379443172299,0.817217810274511,1.03108663718756
"327",978,1.06792157000175,0.860114070927675,0.847091510345644,0.843818530037666,1.07858901011438
"328",981,1.04648648608068,0.838275659637757,0.855883822846035,0.823635306733229,1.09312016679584
"329",984,1.09250122413583,0.859731846715411,0.90018623461687,0.830894273949411,0.99159513949815
"330",987,1.07307268805348,0.865103534855088,0.806099747334367,0.838008497354615,1.07192615376482
"331",990,1.07206610059329,0.864074229586248,0.830755405471389,0.803865452406185,1.10939871988079
"332",993,1.07469185119133,0.876547965318927,0.864522420516971,0.804179998708267,1.08127206470247
"333",996,1.09189817497368,0.864169755496081,0.858423025301671,0.822880482071035,1.06090847448397
"334",999,1.06761822534257,0.879762746511239,0.822160357933565,0.810372980275429,1.0274650792276
"335",1002,1.08714856229918,0.902338002132882,0.863353269507679,0.840453139045632,1.04378220935629
"336",1005,1.0511812383456,0.839118150010486,0.852547723095464,0.849776930426253,1.08885010918457
"337",1008,1.11004577303174,0.88193700148834,0.820948910177776,0.896157575841557,1.07010625400615
"338",1011,1.11601349442201,0.854840936216123,0.850100025667234,0.803626002744494,1.10133461129825
"339",1014,1.07556164776477,0.876920178682813,0.829368267248393,0.806907320933715,1.05407571492547
"340",1017,1.05734560502648,0.883590971989182,0.810072499423932,0.828799194288432,1.0642213434719
"341",1020,1.04486679621032,0.853874777535835,0.850279649231045,0.823674319114167,1.05307232989809
"342",1023,1.07919512925022,0.865025881255851,0.825811677097637,0.844975226800591,1.03622309418287
"343",1026,1.05177890382123,0.828603693293153,0.864866790024625,0.816882938283941,1.02127936658088
"344",1029,1.04852454355656,0.885515081806722,0.84689147120786,0.830064738397866,1.08242985461692
"345",1032,1.09829893510659,0.872079305954748,0.856842529687254,0.809855933578955,1.08173893863765
"346",1035,1.09660169281173,0.881704951412718,0.836709167472338,0.807010149328661,1.08918106312183
"347",1038,1.08955804335164,0.84889560510315,0.857757203104191,0.832343241282852,1.06113994445242
"348",1041,1.08918141627703,0.857423590229434,0.83700609424361,0.80875168473173,1.07388269339167
"349",1044,1.10407639417941,0.829215911306387,0.835276869950397,0.826498381898236,1.08055424980029
"350",1047,1.09617275841917,0.865900173856061,0.813529022729247,0.829065189874649,1.00928876089191
"351",1050,1.06527195282198,0.839135625738608,0.847987643490847,0.809912566769628,1.06695603233879
"352",1053,1.06653705394828,0.854231887756229,0.797630666098935,0.83428499259249,1.11781254418566
"353",1056,1.09291804581681,0.864349210927702,0.852937997462081,0.847851375407514,1.11043208035477
"354",1059,1.01117947126123,0.838078827511442,0.826690273034567,0.782997670948911,1.01242085722773
"355",1062,1.03588230958886,0.865495328583754,0.872252612075799,0.818696817541156,1.02583430761695
"356",1065,1.10359096186121,0.847025009412421,0.849061522675647,0.803056838342982,1.04985376553965
"357",1068,1.0515209624958,0.873326789837954,0.823240517288802,0.800734010442404,1.05528771533637
"358",1071,1.06493723740414,0.83822375099422,0.827481940561359,0.819212201396585,1.04330963891603
"359",1074,1.06743061085608,0.856313619807324,0.807737939907711,0.813170113551007,1.09813583949997
"360",1077,1.06888715203449,0.873433315969046,0.826532488419851,0.811020180955418,1.06683864333482
"361",1080,1.08954501947967,0.838220206239252,0.87128874886034,0.818401279375611,1.02694958452096
"362",1083,1.08946608692214,0.87796019217618,0.878909313884715,0.810592411981976,1.02907752295318
"363",1086,1.02287786221164,0.870999728246031,0.848105816381087,0.850227160812535,1.05738976234097
"364",1089,1.03702861827758,0.874312374898309,0.828597464160296,0.827767708736574,1.03586956871647
"365",1092,1.05613707152668,0.843668414356001,0.877136269356986,0.830904610187376,1.1021564858549
"366",1095,1.09035541764546,0.84552002631505,0.809162734805184,0.814368310049607,1.01997548985561
"367",1098,1.07209800257524,0.84113404078859,0.848462364796958,0.804294348167158,1.05838644998055
"368",1101,1.05966328662988,0.841795364404332,0.830043943480613,0.803438252330279,1.0666820297294
"369",1104,1.06000805079888,0.83272877805955,0.848866270285727,0.781746022306434,1.04684711149874
"370",1107,1.05006432034799,0.847220388228898,0.82361622842359,0.799703222936311,1.05182880885658
"371",1110,1.05508437977752,0.859836475247912,0.826641560647628,0.832767340875288,1.09186449195407
"372",1113,1.05163159001354,0.866848991833042,0.870644511011045,0.854788650216185,1.13586566309685
"373",1116,1.05458501923043,0.866422203535135,0.832571695143812,0.814588112769499,1.08347910067716
"374",1119,1.03189370628831,0.878733909109931,0.862884760765916,0.810714117951882,1.09178865359217
"375",1122,1.05485123608273,0.853752588070222,0.833589226850909,0.807235061769369,1.07191262444173
"376",1125,1.048202618508,0.883711436389298,0.873093147043365,0.830285159161774,1.08915768457358
"377",1128,1.10128922003419,0.860554600604902,0.854903785881428,0.849398708145608,1.08125797776012
"378",1131,1.04465532512585,0.85954958991174,0.862856742475432,0.812492811334676,1.05950636386354
"379",1134,1.03949038837865,0.867065185835652,0.818755232688123,0.783972659672175,1.10269798076017
"380",1137,1.07162778784677,0.868112377583657,0.822185736179678,0.825858960519921,1.0462322287329
"381",1140,1.03061539355975,0.839289718458426,0.806234549411881,0.800426508628899,1.0255376436818
"382",1143,1.0556832134314,0.86228662858507,0.851574539269075,0.841557156001581,1.0996507103563
"383",1146,1.03865928991628,0.831790934728039,0.836482147042962,0.814153888835704,1.1022762948334
"384",1149,1.0648568651739,0.895390381922057,0.866870720211184,0.800659628882344,1.07994781128156
"385",1152,1.04425071554172,0.865662295949931,0.850822953463403,0.815033251520196,1.02233543401205
"386",1155,1.08208860254816,0.861896966290765,0.813655588543586,0.796705677370294,1.05862779717339
"387",1158,1.06084296266385,0.871678849676334,0.864567636443159,0.833141776659259,1.08106427375179
"388",1161,1.07604266238024,0.871503456696218,0.842557351356532,0.794682191909504,1.05912932091455
"389",1164,1.07519517042612,0.849137201695838,0.861831145334608,0.798489487656138,1.06739517791921
"390",1167,1.07433098045768,0.84995606665236,0.827446875569922,0.819754542837449,1.04209799797694
"391",1170,1.09696079456141,0.817941718726205,0.887130365211355,0.794319104669783,1.05545858805663
"392",1173,1.03623071535874,0.885286532766993,0.783549081742951,0.797043375966805,1.04043822566966
"393",1176,1.05823208723199,0.86327669570231,0.841072260957697,0.808443448623473,1.12074911541783
"394",1179,1.05956095878269,0.822158486312367,0.846351835679857,0.808121159957851,1.09761940308401
"395",1182,1.05474044596281,0.881563160550854,0.833006136355431,0.803259176496085,1.05118651409153
"396",1185,1.01618383039549,0.872744307551831,0.825628328545532,0.819593566419397,1.03472526317955
"397",1188,1.04486575908583,0.852443566361126,0.831987552119276,0.784665914364767,1.0443283424125
"398",1191,1.03514979547643,0.842108162278785,0.80548046406019,0.767894565515884,1.06214653851651
"399",1194,1.05266136744612,0.845392639863504,0.826250273246012,0.814420291922217,1.06810936109755
"400",1197,1.05586752680147,0.862088666057975,0.827802163855514,0.810115092374098,1.09417500016711
"401",1200,1.07990226947758,0.877514984386345,0.852550441104859,0.799027762926049,1.05462944475356
"402",1203,1.05906190363546,0.868833054029745,0.816479891629589,0.807184968124112,1.1366033971945
"403",1206,1.05755509059604,0.865560673395491,0.896217639119176,0.828470198316924,1.10882263596717
"404",1209,1.08307154961001,0.850673035346042,0.851585940443999,0.817233006668671,1.03901226008529
"405",1212,1.00501680019351,0.861909948687466,0.825238245181475,0.791931316717361,1.0899253925186
"406",1215,1.07073204040613,0.858321768106169,0.847136776721995,0.798127411771556,1.08234107347155
"407",1218,1.05429174884215,0.843100085978764,0.892979007625757,0.797764385340153,1.08449385807519
"408",1221,1.02662320678806,0.869589380593481,0.840030042183816,0.804245656209754,1.04771725073329
"409",1224,1.04446758788444,0.859896406358228,0.791053664843821,0.784781337038972,1.05438366540951
"410",1227,1.05650832776405,0.860632306852062,0.821180629542903,0.820065187257166,1.07267059231893
"411",1230,1.04417407540978,0.854922697918359,0.861515772359773,0.775791341514385,1.07249349124884
"412",1233,1.04473899744294,0.868463355737119,0.858004374812034,0.817903128841489,1.1149595541878
"413",1236,1.03910045962219,0.869721991798809,0.88865727947864,0.81450313019105,1.06203353991642
"414",1239,1.04985926794448,0.83599375009505,0.836863303321759,0.793420005504757,1.09713531897165
"415",1242,1.06553738113114,0.865323724675334,0.853466799961686,0.783432886533624,1.0718020021207
"416",1245,1.02664246053295,0.860186509860976,0.823085787974503,0.80150832064083,1.07110788276652
"417",1248,1.06784351940494,0.85622014158396,0.828626321262235,0.792012853791659,1.13973912050207
"418",1251,1.04089806043467,0.836351149884519,0.824045249657963,0.790066074514003,1.1012190789016
"419",1254,1.02980437646049,0.857015222160469,0.857028672905731,0.818483882445355,1.05384442031445
"420",1257,1.05615666236659,0.844225208422108,0.894421560447356,0.824475307886547,1.07850360980515
"421",1260,1.03846696532094,0.833649887706005,0.850666825816978,0.798675758825684,1.09626571430662
"422",1263,1.05732785484001,0.883821658540296,0.85603108933477,0.824880456068132,1.0498030585234
"423",1266,1.0460714234042,0.87917344226055,0.856704004018121,0.817432000240716,1.16121063479851
"424",1269,1.03809009453439,0.835213133892248,0.841316553754211,0.797059809640929,1.06254602902741
"425",1272,1.04015207778587,0.879550827412128,0.845570233872077,0.792706422077808,1.02929800529493
"426",1275,1.02237327841277,0.858895524620503,0.831385899463586,0.793791916211564,1.05823015091842
"427",1278,1.05378336593631,0.842430087675772,0.853131773085486,0.752245536373147,1.0703555076537
"428",1281,0.988583196068028,0.834057761079614,0.827983358486144,0.803131098211839,0.992727856718912
"429",1284,1.06234205799654,0.839109198252865,0.869433828844883,0.793955184516773,1.05563324517824
"430",1287,1.07031258917341,0.844099210973196,0.865415283661219,0.791555976686587,1.02789734209757
"431",1290,1.05982686532393,0.888691173239579,0.866087387236763,0.792054062225683,1.06022493387144
"432",1293,1.02047477441464,0.874005263637731,0.846044559215412,0.786378746807588,1.05859219685079
"433",1296,1.02964818731585,0.834122360837307,0.835532833627713,0.796118137804206,1.03852531874201
"434",1299,1.02180548856538,0.848428914614614,0.864018372636675,0.803642769361236,1.07467194802851
"435",1302,1.01883267320024,0.845702025277099,0.805912587535965,0.783327928416145,1.09170100061348
"436",1305,1.01135191465407,0.824879889199,0.873359278920439,0.766018613239747,1.10592250316317
"437",1308,1.02766011725144,0.849763414063506,0.833797289848934,0.777951481944693,1.00892460492499
"438",1311,1.03894081609751,0.889190208469818,0.838216779093067,0.802398079809169,1.05768398692004
"439",1314,1.02675597752222,0.829967525350803,0.890969351976668,0.769193975973993,1.08881438504552
"440",1317,1.05090662661211,0.89098329245547,0.878228168345539,0.799228042921632,1.08221476510067
"441",1320,1.0374153131436,0.89131991234419,0.852273306088588,0.806224347916321,1.05054070748973
"442",1323,1.05870888536498,0.866682685512749,0.850790211832463,0.784127202867055,1.08036552989424
"443",1326,1.01767290137542,0.858553965196237,0.821887632312895,0.807331376850086,1.07118510970763
"444",1329,1.04032462170039,0.852075368932051,0.794814991430687,0.782274519789723,1.08011057101389
"445",1332,1.01779238448209,0.827182929957751,0.795505943589448,0.746357512776739,1.0286390209361
"446",1335,1.02862335953235,0.883462023595364,0.817722375190641,0.802617385246303,1.06370998824048
"447",1338,1.04572827764117,0.859429739971211,0.883825100414417,0.780354638893266,1.13272212815717
"448",1341,1.0473556755725,0.868164707148586,0.860269551871102,0.810159806570987,1.02102291248185
"449",1344,0.994413607876346,0.834010158203867,0.830603676526483,0.799525023477253,1.04440083270121
"450",1347,1.00364252121432,0.836408235595184,0.819334017198134,0.766424810654558,1.100179868312
"451",1350,1.05930175093365,0.861481427254909,0.873428679989456,0.804463634679882,1.07335395133832
"452",1353,1.04509083482874,0.858482370623308,0.847654502932555,0.776303276287556,1.04465468816703
"453",1356,1.02219428212935,0.865441475577478,0.854567476728691,0.765626287391006,1.04507482122873
"454",1359,1.06809632749009,0.875928228351069,0.88342084583257,0.785679245543049,1.13833899159594
"455",1362,1.04568576177314,0.856697220109987,0.828275614481178,0.797011437098707,1.04460346193259
"456",1365,1.0370876508238,0.836678573574024,0.849374513987161,0.748312437333103,1.0215609472362
"457",1368,1.07324011964657,0.884843049560067,0.890872624570244,0.827437951739398,1.08781496173834
"458",1371,1.01325807016538,0.869963670598827,0.821404971300975,0.737912005129616,1.09007237740707
"459",1374,1.02037978349811,0.830048568939888,0.843712138496695,0.776334999032307,1.0667061900943
"460",1377,1.05938712311913,0.871713365166392,0.840630504860317,0.771503929610139,1.04783489157031
"461",1380,1.02075039116863,0.860992085633339,0.880303825439697,0.768607995924648,1.07665237270288
"462",1383,1.08051147366623,0.880894653440648,0.848531230042842,0.802412575669941,1.1275660099459
"463",1386,1.03268377657458,0.855413173273861,0.850241196272438,0.78736521932521,1.08178465393425
"464",1389,0.971111032333785,0.856649500550486,0.844837389699933,0.763212826779603,1.08457628206227
"465",1392,1.05289306976568,0.902896151753768,0.889990823977836,0.788560819176942,1.09388263249203
"466",1395,1.03700615364999,0.840944385595078,0.858586199827424,0.776337513819791,1.09003385052617
"467",1398,1.01159542033554,0.831796985957881,0.804691243322047,0.750244405300411,1.00071638867408
"468",1401,1.01429281866765,0.837167728624135,0.865117698837714,0.799278939116642,1.04434934196384
"469",1404,1.00834804406545,0.845199766218418,0.840551625219397,0.755513868622285,1.04055724242301
"470",1407,1.01128382989334,0.853599349951755,0.83839910207414,0.790909167238629,1.1280661829095
"471",1410,1.03836871237092,0.865165259122427,0.808441380926901,0.781214981228874,1.02408142750092
"472",1413,1.03475130456768,0.871851152738015,0.887745542018094,0.810802230572978,1.09871935433706
"473",1416,1.05334008623748,0.885956607196219,0.860583641987845,0.765493115526718,1.07975013861429
"474",1419,1.01822641131639,0.846452695814814,0.848646210437569,0.799590959891937,1.07747152530763
"475",1422,1.00534097265292,0.849716208412909,0.852051390728429,0.78294863102233,1.07713809543484
"476",1425,0.994942713321899,0.883898946710058,0.874278215382141,0.799213674618356,1.10955881093765
"477",1428,1.05345520218324,0.8405540144739,0.850386922222754,0.752710681685503,1.11486522373794
"478",1431,1.04401752641553,0.866912258551422,0.839997016907079,0.797972826228597,1.11206702945889
"479",1434,1.03284397626586,0.846917670393968,0.844342693959375,0.795720194951195,1.08607418529216
"480",1437,1.03626638877578,0.879912371483826,0.832674701928905,0.777899608712207,1.08494275913374
"481",1440,1.02084253542042,0.854874283119148,0.859036959139294,0.739928077835633,1.09230423402654
"482",1443,1.04548967653264,0.861361903140453,0.841813800317137,0.754506434397665,1.03655989940036
"483",1446,1.02536198915082,0.855192811503491,0.865264428309728,0.772293182982824,1.12052108854955
"484",1449,1.00061654008204,0.890531222997544,0.856682553041635,0.771309790747949,1.07067162211731
"485",1452,1.03261892329674,0.863271680245345,0.829532788201947,0.782049141587837,1.07729096181564
"486",1455,1.02621562365211,0.891231526239539,0.913014339188724,0.792302813068203,1.05698046679771
"487",1458,1.03410319296791,0.863194214219607,0.891728433974222,0.76618450401357,1.09875432455555
"488",1461,0.996503070611989,0.864090165726229,0.830830491524053,0.77653600657295,1.05458645068085
"489",1464,1.0048777825529,0.859312670657924,0.830474942949014,0.777060797616246,1.04550647334078
"490",1467,1.01963013754784,0.847196201044073,0.854419632050937,0.790175201981559,1.07553440669386
"491",1470,1.03893283057039,0.862504192140199,0.865971972073887,0.780568579736357,1.04869075870458
"492",1473,1.0295564282243,0.848488440528196,0.857511396304643,0.772116422005311,1.07453609108914
"493",1476,1.03911487562181,0.908832814279768,0.891558325697139,0.800344680255897,1.10460797876651
"494",1479,1.01149571109349,0.859672909715195,0.846590910357881,0.780070122970997,1.06838481442184
"495",1482,1.06117032304886,0.828184693039726,0.853186413862086,0.788681245663241,1.06333523536741
"496",1485,1.01355605995633,0.841433574703622,0.855996221650722,0.769700670143321,1.09279336448128
"497",1488,1.0011967060751,0.847663216500561,0.813821950403826,0.725264200477152,1.02977117307301
"498",1491,1.00249226050351,0.875671799578909,0.837047699891711,0.795040767378891,1.06976813783002
"499",1494,1.01476422619124,0.87317100844751,0.839701306831401,0.779605650443364,1.07482375934576
"500",1497,1.03609638774337,0.837015213477929,0.832282659696221,0.781085208986645,1.076938669585
"501",1500,1.01516382952186,0.839631352592628,0.837119680222815,0.745651459293788,1.08417596280119
"502",1503,1.03506533526067,0.885136082772486,0.806435208917355,0.793498885602491,1.07516752764425
"503",1506,1.03330695913855,0.88546790862102,0.888119745312341,0.81390028709115,1.1254604770886
"504",1509,1.04188648015578,0.86586704069774,0.865931669719428,0.783904251278546,1.04698267073525
"505",1512,1.01584093553516,0.882375646173505,0.849997784398063,0.767044389197166,1.06692842839624
"506",1515,1.02358536060287,0.860257425806431,0.859987575282297,0.789500149416538,1.0588916261136
"507",1518,1.04471516935361,0.830343149801652,0.890634886837272,0.779598799999762,1.05956696657325
"508",1521,1.05077058818663,0.85928871634029,0.903395104842565,0.761480204138997,1.1000340361736
"509",1524,1.05195003780889,0.870052134957528,0.864904538660989,0.784533730310813,1.10198877954427
"510",1527,1.03851178030599,0.848638127880536,0.79611620258977,0.779547622264545,1.04025832041674
"511",1530,1.02870522987156,0.879300119717034,0.851725419307066,0.787922725363543,1.06725817833888
"512",1533,1.01757748197601,0.866436472601639,0.821089614063408,0.787143919046356,1.08435605340711
"513",1536,1.01612827979948,0.875995135901887,0.897896362309523,0.775813748262777,1.13612236950681
"514",1539,1.0244839197052,0.8571279622922,0.823087517745899,0.73365113500466,1.11093970419334
"515",1542,1.03381847113438,0.864464405783032,0.880605844958749,0.76523115199326,1.0758647076066
"516",1545,1.02112073588962,0.899120458036326,0.852325838762533,0.758750617234614,1.03748534175698
"517",1548,1.03942902073856,0.854219010602162,0.841246448975554,0.786136227416645,1.0552086112953
"518",1551,1.05384156237132,0.867617663219855,0.837017389337471,0.800558284181833,1.09021580813444
"519",1554,1.03718150919323,0.890819941518075,0.894957037309271,0.781306141474088,1.08048212329045
"520",1557,1.03535706632091,0.865362422093437,0.832891150016764,0.787311756604687,1.09667201212965
"521",1560,1.02295103339653,0.849772594250697,0.887931102776647,0.763145640861319,1.03165870700045
"522",1563,1.06349767358287,0.848586370066711,0.86267999288784,0.766375196814261,1.06552651470491
"523",1566,1.0483105213806,0.884309006572969,0.869683035147481,0.768180329007181,1.03180082363766
"524",1569,1.01678562565023,0.868816630080922,0.841136203002523,0.7543580238778,1.10236075336833
"525",1572,1.02866189721403,0.880789457510128,0.861253994564113,0.773796785203717,1.11936465306323
"526",1575,1.01933529387426,0.832178550071634,0.819660995625421,0.75419346737862,1.08985627441021
"527",1578,1.0453120758011,0.834689884921225,0.880395952064841,0.773385256982728,1.05642521036826
"528",1581,1.05239413178345,0.903076253521772,0.868921037680486,0.774577701084382,1.12604954755352
"529",1584,1.01607862487211,0.850446087512147,0.85666593797098,0.768900507791272,1.07096005189352
"530",1587,1.05446653299089,0.862631159554983,0.846432092164073,0.768113870675209,1.11230946728994
"531",1590,1.05363798158098,0.898507517375834,0.884173709029839,0.784375491966973,1.1433271860093
"532",1593,1.05477328666096,0.845573834242726,0.887547069166168,0.784397288809657,1.10583615020731
"533",1596,1.01782228310006,0.913899469685129,0.837997284930271,0.779937559871771,1.09061131071595
"534",1599,0.980757097173287,0.861346672103911,0.83683251565371,0.797278035441334,1.12731902082747
"535",1602,1.02949749899301,0.88968348492826,0.828626922727422,0.775904778827799,1.0560315155511
"536",1605,1.07076749343695,0.874884060277043,0.863641185799021,0.780706509613176,1.09101070668722
"537",1608,1.09300270532269,0.879711724430931,0.863341493651418,0.800561341260308,1.08740754673119
"538",1611,1.02682096677917,0.887590047794988,0.8829639484573,0.785059718730771,1.05035999249844
"539",1614,1.04305366303129,0.868983372424857,0.868565204885397,0.764935096801759,1.10357750236442
"540",1617,1.00456302703604,0.855948290045998,0.865409690985863,0.76520154022453,1.09814032563465
"541",1620,1.035888426129,0.857582856892515,0.834858169865894,0.770617231439393,1.06505007463275
"542",1623,1.04708683286028,0.849491515600578,0.847468452737971,0.772602751383933,1.07525967626102
"543",1626,1.01642416870934,0.841492311816494,0.879691976804626,0.760778950538413,1.11100557858007
"544",1629,1.01539653061533,0.872785137514343,0.857827948082136,0.775690757312463,1.08364674342586
"545",1632,1.03801554319524,0.845300608037822,0.880403993899141,0.78962712369749,1.11640956602096
"546",1635,1.07946835288246,0.876855248345977,0.893725251715341,0.761262640124604,1.07339215021073
"547",1638,1.05706668017484,0.896885867646084,0.908313052392583,0.791153253895688,1.13432460857894
"548",1641,1.02622553152422,0.875486547465465,0.86537110077205,0.778296198801923,1.11289239097749
"549",1644,1.05648309587555,0.889884040583642,0.860758371913084,0.791902014178567,1.06415970414525
"550",1647,1.06672189626619,0.872190123272587,0.866976015190796,0.769030898718823,1.08042608982896
"551",1650,1.06028577688702,0.871895647194429,0.857924885387678,0.788821799444673,1.07655267616374
"552",1653,1.06108656790531,0.855036538167468,0.891416191529211,0.788474657879598,1.09680175250976
"553",1656,1.03061139025024,0.858660131194402,0.853560458982914,0.779385954810644,1.07850433988854
"554",1659,1.03572609177513,0.902455341484651,0.925778653707836,0.77811771202173,1.13004293422968
"555",1662,1.01912247314546,0.854209350607469,0.875162632476642,0.747095746849953,1.11439740968258
"556",1665,0.990205288069061,0.876689026020267,0.87353441456174,0.778262450874935,1.07224600788745
"557",1668,1.07975287620064,0.861623219356517,0.8563260831573,0.782614895047269,1.07061968057713
"558",1671,1.02431624873105,0.864103635666293,0.867813562310076,0.773015172086621,1.10169625988028
"559",1674,1.08457208385235,0.869966616692486,0.874725091472966,0.759238931536018,1.10090611739259
"560",1677,1.03517065753511,0.870439701543988,0.816157575217555,0.805443542157515,1.04090051647914
"561",1680,1.03200138115434,0.851654395761237,0.896990723347623,0.787365032990102,1.16773412768387
"562",1683,1.04430567013519,0.892610613286458,0.869616191967584,0.786547053700171,1.11506500087855
"563",1686,1.04442998285564,0.867383460889412,0.86707917554116,0.795236517545168,1.09130499777693
"564",1689,1.03665722608777,0.878860593435385,0.853098498305912,0.769379202679336,1.07226248136604
"565",1692,1.01525885181458,0.86184565875551,0.921225672828862,0.764698328413861,1.10925754327537
"566",1695,1.03886554808422,0.859387691872135,0.889610082857499,0.767511267449215,1.10892798899303
"567",1698,1.04462499474306,0.850237049143904,0.860523342848109,0.765622191089673,1.04276251854796
"568",1701,1.02546561440939,0.853701244255021,0.854055331178849,0.753426624419703,1.02833848401123
"569",1704,1.01852369477789,0.850356743580317,0.842631996499375,0.762376824008855,1.05863590850275
"570",1707,1.01967992288665,0.865554713471086,0.890820621975847,0.746735294365378,1.05187682967185
"571",1710,1.02878773077827,0.880948816896345,0.822477173195278,0.758641716914976,1.09107378333966
"572",1713,1.02504786305872,0.873380676157754,0.833573153842582,0.771038990810067,1.10930412529081
"573",1716,1.08708845992016,0.91915151281558,0.86246680349185,0.768600344213797,1.11277522344778
"574",1719,1.0202808015843,0.857846752285411,0.890876263679809,0.747980111089668,1.1012926900772
"575",1722,1.04959968887126,0.899692349144436,0.904899860769916,0.780434741893852,1.09980809382895
"576",1725,1.04463203548536,0.862874799764012,0.862657884470169,0.769795760337441,1.11241505031632
"577",1728,1.03258699860656,0.886466133633898,0.889038154238423,0.774380032829892,1.06549867007107
"578",1731,1.05800027513994,0.871483483106744,0.863119050764187,0.733942037198284,1.0483594412243
"579",1734,1.0560197482353,0.872749101687689,0.909869899198206,0.743238947898666,1.13647966893814
"580",1737,1.05504331309273,0.8753170355968,0.851863830329071,0.770654866484435,1.01246423291903
"581",1740,1.02526688973835,0.866913085303308,0.911691201856528,0.718219144989274,1.07918403703425
"582",1743,1.03942808499301,0.878018069136545,0.89621191179946,0.751909161029628,1.07726681771859
"583",1746,1.02783525057749,0.861756703913088,0.87124859745808,0.733333530528264,1.08271885267352
"584",1749,1.0130609855884,0.88602115971488,0.899077449190263,0.801765179741936,1.09288172803645
"585",1752,1.04368860850684,0.853256183463367,0.929372267348431,0.745941024966548,1.04533190101549
"586",1755,1.02849932208652,0.841817326647149,0.879295332289888,0.736113646283878,1.03380140221527
"587",1758,1.04952492652614,0.909622710457346,0.904692544714856,0.77205198526735,1.08643866703568
"588",1761,1.0502008074417,0.869881821802982,0.903125488137395,0.766895925141921,1.08816955065248
"589",1764,1.03250666287503,0.87948739654942,0.883639421061198,0.763501727852517,1.07489437839393
"590",1767,1.03416473935325,0.879096371020851,0.932177563750135,0.758760287813227,1.13204325607272
"591",1770,1.06110895313987,0.881599680055029,0.89273548832528,0.763036845679951,1.08143427452803
"592",1773,1.02520635133837,0.860075347199939,0.846355091165317,0.762009197609257,1.03287089774526
"593",1776,1.05425065976949,0.852099575680752,0.83120378610749,0.749760834312688,1.09062526262798
"594",1779,1.05708871826578,0.865480690215915,0.857046485834712,0.767619154524853,1.12460905918875
"595",1782,1.03985212452916,0.879675304796106,0.856264040377511,0.735353531262332,1.0867930066651
"596",1785,1.07735299117172,0.881605566229546,0.911893622566886,0.768976117037361,1.06425943063289
"597",1788,1.06652039978393,0.890970113978084,0.867180989638202,0.757551866443987,1.07149765317547
"598",1791,1.07810088915728,0.875569212400735,0.90858087327998,0.763475250248486,1.09946250147143
"599",1794,1.00564951015117,0.827428958853331,0.891142590615718,0.705937165108429,1.06228222325678
"600",1797,1.04117922728677,0.871291156590918,0.855502093065124,0.731067527112901,1.06658543110931
"601",1800,1.01737809159433,0.857928200815455,0.853755507810383,0.723901834824778,1.10194211256943
"602",1803,1.06917962013838,0.85336575159348,0.871171670931251,0.751821662991623,1.0763012743841
"603",1806,1.07184895200506,0.867338301338342,0.90637505360091,0.754903004057836,1.08060116812223
"604",1809,1.06890586927049,0.878603224992519,0.882015813044289,0.753906317571173,1.1009932259936
"605",1812,1.03946283205815,0.866856403843931,0.890872994674906,0.791758063343913,1.14828951941546
"606",1815,1.01595832518108,0.869586536414011,0.836364252676696,0.742554263841153,1.05491756274963
"607",1818,1.00731918166171,0.845516448372419,0.856178394759196,0.765403752715734,1.05988376378948
"608",1821,1.07576892208291,0.882787835004717,0.891503063556473,0.736371159349926,1.08316017302301
"609",1824,1.01674547214012,0.871250808188564,0.86157231719769,0.728644820368486,1.07749164360188
"610",1827,1.03848832273818,0.873432653100612,0.846797747399098,0.728461767538524,1.05153945597379
"611",1830,1.03858096006454,0.855778188261473,0.908646455608671,0.729621125250839,1.1018540928513
"612",1833,1.07207386751112,0.877385155338923,0.839734487488363,0.752138891020684,1.05862691629574
"613",1836,1.00825174627848,0.823293713278762,0.869503862503956,0.709193732930742,1.04520739537731
"614",1839,1.02012311306223,0.866377583843882,0.884430601385904,0.765396931060621,1.15826668296165
"615",1842,1.07080766513857,0.90659499986893,0.899913438470749,0.76464259111948,1.1121703929655
"616",1845,1.02702056918883,0.887520756413535,0.863253320041807,0.749806427288488,1.08900807573754
"617",1848,1.04338478116425,0.860562177576166,0.836776258007798,0.746408307677683,1.05784712356441
"618",1851,1.04255856317275,0.876884792340076,0.832382033366738,0.732306157173679,1.07171965512723
"619",1854,1.06185455251269,0.875769001392577,0.856457097533981,0.728118749819237,1.08089025116905
"620",1857,1.04673189809772,0.901411454908284,0.914556541483503,0.753375314486616,1.10179837573544
"621",1860,1.05050922648987,0.861967525153558,0.947023587560581,0.74133266786756,1.08366500788796
"622",1863,0.997337441258805,0.875949868051223,0.88459103398039,0.758547466045023,1.12447708549592
"623",1866,1.01118444243866,0.86321132870566,0.90256492153927,0.73580412945528,1.10499341386215
"624",1869,1.02041578489533,0.873032698153549,0.90464734626805,0.739968458694772,1.03395510547383
"625",1872,1.08372184028731,0.865130175991797,0.882009551696958,0.794076989991099,1.08822401909343
"626",1875,1.04960267946745,0.879299256218212,0.818899235353835,0.726363727668515,1.12338337545544
"627",1878,1.02993424358208,0.860866765103852,0.841657417570893,0.765379018875052,1.11724542623489
"628",1881,1.00869283230678,0.862631264659499,0.882708982037828,0.760757764590424,1.0822476089401
"629",1884,1.06570254751605,0.866772331926197,0.907881290737607,0.746064599962045,1.071003293395
"630",1887,1.00709143351626,0.86994005513839,0.927844849847688,0.717064300307476,1.09440801659309
"631",1890,1.03142994608988,0.890735189612939,0.887812490074954,0.774510326418835,1.10798139480681
"632",1893,1.0240176459366,0.873597193983625,0.885398415367437,0.744226427790978,1.0784588787429
"633",1896,1.0573451180941,0.883041564224715,0.897360889121743,0.743782761064869,1.13048920363318
"634",1899,1.01838561737348,0.870247883373342,0.870457204716207,0.708887638384941,1.05062271629888
"635",1902,1.03359506280373,0.88805057987044,0.873949350140064,0.759107273562191,1.12504332626372
"636",1905,1.05313197058728,0.865382896586882,0.896658421644353,0.786840234951399,1.12931166852197
"637",1908,1.04279264157965,0.889227490265707,0.870849737627506,0.736906137119203,1.14252632969398
"638",1911,1.0835249960669,0.84839649865673,0.895834497469674,0.74321448848917,1.15218756932781
"639",1914,1.02514223946641,0.863963658366643,0.825504125643757,0.753822287039551,1.1109797777892
"640",1917,1.03870358752225,0.8819046635188,0.848123831651769,0.741282505985448,1.14259367307674
"641",1920,1.02439961372689,0.863690910109489,0.869018657906485,0.735165456866433,1.11223329879841
"642",1923,1.0582903173776,0.88695482238928,0.889544709977805,0.732885556107372,1.10057856113115
"643",1926,1.0558900037284,0.864522506292766,0.886844194576429,0.762317165530805,1.08728795053585
"644",1929,1.0462673570477,0.869372161515522,0.858406836677073,0.711862991825836,1.01607787243722
"645",1932,1.01685427898968,0.854515084594146,0.866894675982476,0.727705005518081,1.05040736093797
"646",1935,1.06103112578076,0.853997358903773,0.890103562573193,0.749235581958964,1.07678199335986
"647",1938,1.07514136942485,0.841565431332911,0.86826314987902,0.732219177518199,1.06037630639778
"648",1941,1.02646164574711,0.870235857162736,0.951320902084226,0.715747115328908,1.09682529477152
"649",1944,1.02974160006744,0.872258375892609,0.848506715437725,0.712194476681747,1.11549800358089
"650",1947,1.05141857649922,0.867309320678501,0.889302316579049,0.742114274915864,1.11387533254647
"651",1950,1.02928818112087,0.845302769298256,0.911350002751738,0.739203337203927,1.11817686589192
"652",1953,1.06936880496465,0.874718503803689,0.930350915991502,0.736512494941119,1.10898549572216
"653",1956,1.01277431319394,0.846937318880822,0.880691016738114,0.717091342359662,1.10203428196047
"654",1959,1.03484812565287,0.869448397814281,0.893173063197493,0.748284324265708,1.14868697068221
"655",1962,1.05222347759561,0.85129612343903,0.882762549117673,0.740932143202332,1.12921582361018
"656",1965,1.03052984506602,0.837752324061212,0.906729954793226,0.726087313193623,1.07549477613991
"657",1968,1.07868316513844,0.88552670022761,0.899446531066833,0.730894542788252,1.11126771953741
"658",1971,1.05388613420911,0.879543869264004,0.928550806699329,0.758607214573822,1.16915582384235
"659",1974,1.02662175541047,0.841036653581294,0.916703509410727,0.739150960125383,1.08864530988203
"660",1977,1.03564884466,0.851249764252127,0.878332786532305,0.735783451915809,1.10581263780782
"661",1980,1.04752931280242,0.877755014659066,0.91337889035888,0.742161663806068,1.14134909652104
"662",1983,1.0232025290865,0.832918411800577,0.848231502859552,0.701320035697186,1.09807671516353
"663",1986,1.05936143201934,0.834096497527954,0.871481214598682,0.718521833321476,1.09235440605376
"664",1989,1.06066805388632,0.831863959232533,0.881320812012933,0.752151654680452,1.10718886265534
"665",1992,1.00689472807231,0.878797684978562,0.906169265197312,0.715261635259515,1.07516267582356
"666",1995,1.03909035379163,0.878703191509352,0.915342358778183,0.706386621709559,1.09555428087219
"667",1998,1.00607108650642,0.821534845027391,0.882197881659455,0.746633536048707,1.05960815634503
"668",2001,1.04397379379651,0.867175953242997,0.879727543492298,0.764172908319401,1.15064609240817
"669",2004,1.0424011192866,0.836737430966797,0.899607071733866,0.70177963755189,1.07285534930423
"670",2007,1.03711744222752,0.836109991331297,0.883015820135579,0.698924708140885,1.04850997137412
"671",2010,1.0481510420699,0.866058538291503,0.82461126128365,0.741119855995688,1.11967798141904
"672",2013,1.04494480899335,0.877229182874288,0.901436937635368,0.697389982308521,1.10905255105755
"673",2016,1.0321751296198,0.85897459841844,0.907802465490514,0.713296858885839,1.09612861615649
"674",2019,1.01295219154058,0.872951930936686,0.883786563867461,0.73127273885148,1.06272296290671
"675",2022,1.02033385259531,0.823305095047166,0.858746842156059,0.728691625237241,1.13294671891745
"676",2025,1.07021396566309,0.892272896507963,0.913705286696496,0.754505392372567,1.15615654405238
"677",2028,1.04480003712441,0.876872967131029,0.868430590751086,0.708369202779963,1.08711174422879
"678",2031,1.01689103352412,0.890131764508466,0.930635508220033,0.772582845843797,1.13235952593328
"679",2034,1.01543077833298,0.831761023663967,0.868205527658119,0.714698251589138,1.05763900852541
"680",2037,1.04054929340628,0.843932849673528,0.871121950668799,0.710648690399098,1.09302344504398
"681",2040,1.08061250021138,0.852251509740177,0.948182407919654,0.732756448859305,1.11591031928268
"682",2043,1.08398724089814,0.865953795700993,0.904864590239517,0.724448672922324,1.10733244390922
"683",2046,1.05431002930279,0.866548695929276,0.919245059122127,0.748280359747035,1.10750728360391
"684",2049,1.06205541755862,0.88063260858163,0.961255052745676,0.715201253239867,1.10041166023029
"685",2052,1.06998454773755,0.887857770232017,0.892281311098628,0.73487589227706,1.08806783544472
"686",2055,1.07865136702713,0.902522994084457,0.966044404725894,0.748212910243562,1.18385539382277
"687",2058,1.04816479247388,0.832809178356036,0.907737778084235,0.728113080422261,1.0727111155405
"688",2061,1.06537277463049,0.902247226485497,0.902808545263458,0.732311548831404,1.15788752726171
"689",2064,1.05070866490053,0.8668110217779,0.892665704859711,0.732857404878061,1.07905908919249
"690",2067,1.06967951288437,0.888094392113499,0.8663183069298,0.736906652740209,1.08459938068021
"691",2070,1.07009055203062,0.891826572490662,0.906133443163677,0.731821530121077,1.10331829556207
"692",2073,1.0510597957625,0.863137145998345,0.864307742718307,0.726550110862076,1.09057593322917
"693",2076,1.09974527633357,0.84333703027812,0.898437891306902,0.744595512043767,1.07091808725543
"694",2079,1.08241657400366,0.880529975593178,0.916512779778097,0.769886253954871,1.15310680231698
"695",2082,1.03060210394849,0.855900784014331,0.851067252922336,0.702837265147494,1.11613394138118
"696",2085,1.02363345727472,0.846719395282963,0.908348396692656,0.734956391050337,1.09524436680768
"697",2088,1.09202425437331,0.873807982261648,0.930565509276362,0.764273714458626,1.12977444420253
"698",2091,1.04371321561195,0.848016502161695,0.902161171705559,0.729604803961253,1.11287465655522
"699",2094,1.02865714705612,0.839738035265769,0.978908625822465,0.719277396634262,1.07095518096739
"700",2097,1.04396239706882,0.866824121429318,0.883006726918989,0.718003606657192,1.10373697119985
"701",2100,1.03409346763404,0.863218486588931,0.897255459996953,0.734804635214125,1.06710965702584
"702",2103,1.05099162697096,0.852477999635974,0.917033920162817,0.741704460285879,1.11691771173636
"703",2106,1.03098692358407,0.873438253791949,0.953125755044603,0.730640335897074,1.06555720301397
"704",2109,1.07568715348511,0.864995807281132,0.867998143705964,0.753700865924009,1.07700395986119
"705",2112,1.05464142430607,0.895859787045998,0.898793516875043,0.738845009470971,1.08708803737803
"706",2115,1.07609702763383,0.845059546887996,0.957187778393926,0.729927306047559,1.12631393389829
"707",2118,1.04401756334818,0.84412360031929,0.88267574630422,0.697702242221463,1.11434623382342
"708",2121,1.07082169670346,0.828871940441936,0.943404640449923,0.731519610544236,1.11371411106189
"709",2124,1.09214161617576,0.89290366118266,0.897703030476885,0.731512026278995,1.1369546850646
"710",2127,1.04659186514963,0.848759815150455,0.934640755815843,0.739425156466717,1.11618834052869
"711",2130,1.07314604826485,0.876657616773573,0.910463661176718,0.748104271508833,1.13573029786075
"712",2133,1.07388984009104,0.862432394867844,0.869014200114914,0.710381687101162,1.07393124202643
"713",2136,1.05094650277942,0.880909589744917,0.945618660730033,0.742762693382867,1.1397770813006
"714",2139,1.04472136211228,0.853823500911068,0.864194026077663,0.719754779747523,1.12382042084737
"715",2142,1.05559502772328,0.834622058999739,0.856530035983531,0.715978507996492,1.04690239632445
"716",2145,1.05069856060755,0.836682792820728,0.889812181724648,0.75162644664144,1.13342526637433
"717",2148,1.09504744517925,0.885150169711019,0.919224683967406,0.754080165067504,1.15715608054348
"718",2151,1.07396507806737,0.851163929521652,0.886464289190787,0.753560010034243,1.18950850327658
"719",2154,1.02307267348863,0.836725611836014,0.914242136837865,0.722819200629029,1.07452089811219
"720",2157,1.06388150691815,0.859725052994543,0.973836299288876,0.757973190369088,1.11327415319387
"721",2160,1.04059266813241,0.855396370479451,0.864726310724961,0.742080480867229,1.10847994965129
"722",2163,1.0813486691021,0.882694341450932,0.865196643289545,0.70625933271301,1.13213590147659
"723",2166,1.01449641965056,0.83940913324434,0.858150230500481,0.744752350726683,1.17055795121836
"724",2169,1.02409777070535,0.861953720166133,0.909753772922305,0.725025985788147,1.1178920986116
"725",2172,1.12825504318104,0.88412806984998,0.93234397357626,0.704643795159157,1.08614829770152
"726",2175,1.0501117995774,0.834990594643494,0.879250000528158,0.76327807679078,1.09791569593787
"727",2178,1.02517170684916,0.836916939155796,0.900154676769482,0.74133324422254,1.12752855752606
"728",2181,1.05533201864303,0.855317390249183,0.845019551832587,0.696528267940607,1.07228939170759
"729",2184,1.02399334948347,0.810883779509922,0.918430339836262,0.694196937195384,1.05427657601978
"730",2187,1.07671653675702,0.862960553332258,0.946266492035211,0.722194800653106,1.10999610563654
"731",2190,1.07827186578251,0.875686691476165,0.939392095786951,0.767991216218455,1.15039230202425
"732",2193,1.03627005716398,0.865473474732715,0.871803214850843,0.766471878728757,1.10934082677745
"733",2196,1.0495181259932,0.838975610184455,0.910873300336049,0.736713616263792,1.14068315275825
"734",2199,1.06541036898072,0.868453734936669,0.875600635619807,0.736557223396586,1.13618863930472
"735",2202,1.0863804178382,0.881152807220925,0.916066716089946,0.761121920112989,1.10971629960136
"736",2205,1.08535726926178,0.853713824738256,0.88623052110797,0.733174301722361,1.12329303140194
"737",2208,1.0760529978819,0.886240133528819,0.908839869802196,0.726263807598816,1.07885823706478
"738",2211,1.10492319492572,0.893310040086576,0.980896914636613,0.77301859298833,1.10268616668072
"739",2214,1.04727506713191,0.833433288162649,0.915071588986066,0.730080715323213,1.14364332246789
"740",2217,1.04713223823711,0.871184958410047,0.934236720304118,0.735733101650097,1.1348220971279
"741",2220,1.08963318300565,0.864635024126901,0.94117299901107,0.756632908491411,1.16512362661624
"742",2223,1.05290961593661,0.860670546700324,0.862614518006669,0.727292095554272,1.1249171332175
"743",2226,1.02715914880501,0.828193203928354,0.971147708573721,0.697168808016511,1.10229728939313
"744",2229,1.06335332551396,0.8758069506792,0.926727715280861,0.737018925782644,1.11185365159426
"745",2232,1.03435842616036,0.889942440796612,0.946950165832629,0.756889434938646,1.10007611482394
"746",2235,1.02652170104001,0.840631219041339,0.895009829561048,0.745205234644491,1.13012402560047
"747",2238,1.07097594317521,0.858411583394348,0.922749220444642,0.738333700867428,1.13950737370752
"748",2241,1.07876463779227,0.870745446972683,0.942979988790441,0.736488148809055,1.11329538158835
"749",2244,1.03334014575727,0.894558581037338,0.931005214227096,0.75188155702037,1.1137971994706
"750",2247,1.03825931912414,0.820062802028031,0.88538837990861,0.713318974280547,1.11494158091236
"751",2250,1.05549782325469,0.847042547529641,0.926297093649085,0.784489082606027,1.15317494995759
"752",2253,1.11525214699612,0.862085700856111,0.9738402149474,0.727889792722696,1.11926618707073
"753",2256,1.08595084416838,0.880626552108923,0.929836534265284,0.728904836533128,1.1241969392551
"754",2259,1.07271293821493,0.863041999177223,0.970167316061886,0.773657077729901,1.14377926835493
"755",2262,1.0848992935045,0.870346884611802,0.91637990377541,0.721952228140612,1.12419632981109
"756",2265,1.03118580977938,0.82884982612954,0.873113264424551,0.713688216831482,1.10061413116314
"757",2268,1.08758607310976,0.88566962900426,0.901116243355639,0.757726523692431,1.15280559414808
"758",2271,1.02789262811976,0.856383002905484,0.984060634719715,0.717697541698963,1.14463613244604
"759",2274,1.06978005366604,0.846363626267634,0.913644234402346,0.740272469236755,1.12158937543063
"760",2277,1.04454557442673,0.860830673622729,0.934470767858144,0.708553204449171,1.0843445309965
"761",2280,1.11800031366799,0.848610987404258,0.998547600077072,0.728507148847197,1.16871554429799
"762",2283,1.03682085311418,0.830978635381698,0.897581623326597,0.736321831087721,1.05559789638356
"763",2286,1.04216498537146,0.857408844198633,0.96920276569694,0.699064047397746,1.07042209622487
"764",2289,1.08904857193387,0.865098176538776,0.979801444414249,0.755559794404198,1.1750230482736
"765",2292,1.07592040597525,0.874874989588619,0.891456320759015,0.733621339358129,1.08013180357115
"766",2295,1.06293002145498,0.871808895004748,0.889412416797921,0.760743681108615,1.15956283527372
"767",2298,1.06658073431393,0.806850648115514,0.885364196138932,0.733594970426093,1.12301794186198
"768",2301,1.03300312994221,0.826530281126277,0.900055337951827,0.734948924392281,1.08588545723427
"769",2304,1.08453506290777,0.862788674200937,0.940675040996205,0.744325023081714,1.12187614089016
"770",2307,1.07472469944074,0.861705569817561,0.898160236147591,0.697035478200042,1.14195750792967
"771",2310,1.05593083930101,0.882877468736698,0.881930242556698,0.702815179614006,1.07355481632526
"772",2313,1.07465925599099,0.862702119641322,0.959073538742983,0.744681438732367,1.12948857473274
"773",2316,1.05187506467894,0.812364571369527,0.875341386102549,0.713786980345774,1.06323923380792
"774",2319,1.0773577329264,0.850714667926193,0.960988379960521,0.733454263759556,1.08390482591574
"775",2322,1.0502159104757,0.888582686458835,0.905491619283396,0.750990756936532,1.11527511450393
"776",2325,1.07493600822286,0.848413794795894,0.902335457248689,0.729904967520843,1.1477431680519
"777",2328,1.06870045615541,0.820068971198297,0.92865678722313,0.717395432448856,1.14015793536553
"778",2331,1.05234509059606,0.855200577643242,1.00523198958434,0.73994349662489,1.09774468567603
"779",2334,1.05528618277925,0.824254513278094,0.958332190470918,0.741459547847826,1.15965668390745
"780",2337,1.05146508167374,0.861553297325395,0.883095682187674,0.741918215056553,1.12048101614884
"781",2340,1.07148929847297,0.885884756131779,0.899247055478349,0.726594741891954,1.10653084524777
"782",2343,1.06159032144598,0.846030513191211,0.895236893315067,0.736119823585447,1.15554773923732
"783",2346,1.05610742848459,0.841907682947409,0.94843701201814,0.73963204195565,1.14402789341866
"784",2349,1.03701073195988,0.867193779306156,0.942139294022285,0.72018417908685,1.09753865963348
"785",2352,1.0336173044092,0.850498515773938,0.941118428300723,0.737034376810717,1.04419527097862
"786",2355,1.08753173284792,0.867155504206743,0.940994003236477,0.705276860409533,1.09242263242527
"787",2358,1.07883086020831,0.857291405613751,0.931404932886322,0.704317125424138,1.10406352925464
"788",2361,1.03189473638073,0.833048489801092,0.867860255541729,0.722488171751708,1.10150661652993
"789",2364,1.07300793963315,0.814598953869539,0.864141218531869,0.723641151563883,1.10972104801251
"790",2367,1.02771817520532,0.809747000998411,0.881622211029485,0.739453085613505,1.11109348698614
"791",2370,1.08632384541857,0.820061284089631,0.891775264143631,0.708944267893411,1.10799159417123
"792",2373,1.04447880260348,0.820811218056842,0.907682224289012,0.736843597642311,1.11754341763464
"793",2376,1.0646636777517,0.840199721101145,0.915201461774041,0.731912636854873,1.09949764625474
"794",2379,1.05757453477743,0.848570065235028,0.935589650880417,0.721094052004093,1.18612565686501
"795",2382,1.06605455808117,0.865636755734678,0.920232981139223,0.748288475251973,1.16636874201164
"796",2385,1.01093483324933,0.870222948120919,0.927797365455202,0.727477589545016,1.08389867174329
"797",2388,1.03721295323507,0.834897539654747,0.904570855595273,0.740559601813665,1.06775332676849
"798",2391,1.03617586096709,0.839719880579889,0.911757885195353,0.710581251191032,1.15475584815517
"799",2394,1.06478542064048,0.84752000434572,0.967617452385208,0.756163125493952,1.14452027983828
"800",2397,1.03636596395868,0.837293224566077,0.941980519946831,0.734254748723431,1.08125313451872
"801",2400,1.03639719681035,0.864575045124858,0.937273409313831,0.731331712708411,1.10803519676293
"802",2403,1.07381075958859,0.849121011144339,0.894101983694631,0.706823067273798,1.07383886223859
"803",2406,1.02244216771705,0.833430986296531,0.946885048950082,0.727939095250932,1.05948609474778
"804",2409,1.05924024959572,0.815629632108422,0.941352324658523,0.718585709854803,1.09555375909458
"805",2412,1.07907217672022,0.845639962927095,0.949854638381899,0.760222224427621,1.15430968057405
"806",2415,1.04069845405386,0.836827723207892,0.910626772851392,0.695722868771724,1.07927942596464
"807",2418,1.02423898782813,0.835394216954023,0.941201819397099,0.734552571347144,1.09025258308848
"808",2421,1.09245682562737,0.867791369548351,0.925331871912013,0.723403661390523,1.18871217369997
"809",2424,1.02978513616779,0.832840307663638,0.900011181884171,0.723706842032015,1.07594079079647
"810",2427,1.04054813765527,0.834214163461332,0.952614592862196,0.714534027955996,1.09966285818906
"811",2430,1.1089216530875,0.862974194901528,0.902606178561492,0.751392145683199,1.1218434063071
"812",2433,1.0735832005542,0.852148208674994,0.854612880008541,0.737921543129922,1.17624176509393
"813",2436,1.09429091902157,0.840984657328205,0.944400213568195,0.732666399268576,1.13001034377112
"814",2439,1.0729730644041,0.84987538516133,0.96039242322551,0.756275348551264,1.14635474207482
"815",2442,1.08797519047886,0.836662155237361,0.902452023578598,0.713156368193594,1.1464386212538
"816",2445,1.10477814933121,0.855443238491936,0.95410755129065,0.729470914145207,1.10553339979704
"817",2448,1.09463154070989,0.837430625558903,0.900148374552944,0.727689947074272,1.10322534331712
"818",2451,1.05196404509821,0.862277545756434,0.88411654505301,0.740951425856678,1.14879507119697
"819",2454,1.06024165771241,0.816536902176575,0.9937139028503,0.721770370424601,1.10559256262632
"820",2457,1.05753787343747,0.826716873765789,0.916445659679719,0.718338652816641,1.0948062867777
"821",2460,1.00736291145359,0.783812122606318,0.888339517313992,0.693761028269317,1.07853489296567
"822",2463,1.07280429725427,0.836820303199394,0.883824358192898,0.715366606085407,1.1516537922041
"823",2466,1.01097978991286,0.848767108393895,0.879451538178666,0.71437568522419,1.14334534871612
"824",2469,1.06415410252205,0.860880672823413,0.901625805004543,0.718461808401175,1.13502288212653
"825",2472,1.05666605208232,0.860918256701154,0.97140211748209,0.756734002277658,1.15967776924699
"826",2475,1.08700544437186,0.844253427222935,0.906262563266122,0.742916398255636,1.1272969068787
"827",2478,1.05348350042609,0.848813090809542,0.890134050975718,0.712901811081902,1.05678836827495
"828",2481,1.06952914819361,0.869112146994149,0.908351154282144,0.729620660388503,1.14462677042254
"829",2484,1.03616627402212,0.824149273020729,0.910521987125669,0.72552975948797,1.11840367293481
"830",2487,1.10007873325734,0.853791678919569,0.91680599876895,0.72637386441677,1.10538577149248
"831",2490,1.08727215493439,0.836323306269499,0.95061396838684,0.736318707319381,1.17033821264732
"832",2493,1.07873262140323,0.831662004545145,0.888968024995734,0.704949080243892,1.11262868504781
"833",2496,1.07149572678967,0.851929616772346,0.864421051122438,0.717331354333089,1.11490494718969
"834",2499,1.05378334032367,0.840341157640212,0.987206940248348,0.680656425559442,1.16766505501041
"835",2502,1.0622180309428,0.835509710027643,0.891627091107164,0.716549841669973,1.10669933626286
"836",2505,1.0339947742858,0.824174106220342,0.943999615465375,0.735882853587088,1.0859635921813
"837",2508,1.05740578569392,0.851613336292928,0.873532522872138,0.73387421689218,1.12709715365899
"838",2511,1.07399093811578,0.82214501774813,0.867015265003617,0.746879452498691,1.13483264651008
"839",2514,1.06679249378227,0.83625865253851,0.988079717221292,0.687813399417234,1.08245570515481
"840",2517,1.18901987678729,0.819616348957003,0.934767128435556,0.810263529978914,1.14537643358431
